"","user_id","member_id","age","country","asthma","sex","symptoms_id","date","vas_nose","vas_eye","vas_asthma","rhinitis_medication","asthma_medication"
"1",1,48,56,"NL",0,"M",111007,"08/04/2016",77,81,NA,"B_single_medication","A_no_medication"
"2",2,1026,19,"GB",1,"M",290424,"06/10/2015",59,38,NA,"C_comedication","A_no_medication"
"3",3,1638,47,"FR",0,"F",368522,"18/02/2019",52,5,0,"A_no_medication","A_no_medication"
"4",3,1638,47,"FR",0,"F",367628,"20/11/2015",0,0,6,"A_no_medication","A_no_medication"
"5",3,1638,47,"FR",0,"F",367798,"17/09/2016",8,0,2,"A_no_medication","A_no_medication"
"6",4,2064,51,"FR",1,"F",393432,"25/12/2015",40,25,NA,"A_no_medication","A_no_medication"
"7",5,2076,23,"GB",1,"F",393928,"26/12/2015",3,3,NA,"A_no_medication","A_no_medication"
"8",5,2076,23,"GB",1,"F",394299,"21/01/2017",9,0,0,"A_no_medication","A_no_medication"
"9",5,2076,23,"GB",1,"F",394107,"02/07/2016",15,0,0,"A_no_medication","A_no_medication"
"10",6,2082,72,"PL",0,"F",394940,"12/01/2016",21,24,NA,"A_no_medication","A_no_medication"
"11",7,3138,67,"DK",0,"F",16242,"08/05/2016",18,31,8,"A_no_medication","B_single_medication"
"12",8,3192,32,"IT",1,"F",16996,"01/08/2017",0,1,0,"A_no_medication","A_no_medication"
"13",8,3192,32,"IT",1,"F",17030,"14/09/2017",0,0,0,"A_no_medication","A_no_medication"
"14",8,3192,32,"IT",1,"F",16721,"28/10/2016",2,0,0,"A_no_medication","A_no_medication"
"15",9,3954,38,"BE",0,"M",25433,"09/08/2016",9,10,16,"C_comedication","A_no_medication"
"16",10,4206,32,"IT",1,"F",28641,"19/03/2016",1,0,1,"A_no_medication","A_no_medication"
"17",10,4206,32,"IT",1,"F",28649,"27/03/2016",0,4,NA,"A_no_medication","A_no_medication"
"18",11,4458,40,"IT",0,"F",32663,"15/09/2016",8,3,0,"B_single_medication","A_no_medication"
"19",11,4458,40,"IT",0,"F",33290,"14/06/2018",14,9,1,"A_no_medication","A_no_medication"
"20",11,4458,40,"IT",0,"F",32873,"13/04/2017",33,19,0,"C_comedication","A_no_medication"
"21",12,4650,21,"DE",0,"F",41087,"06/06/2016",24,1,0,"C_comedication","A_no_medication"
"22",13,4890,36,"ES",0,"F",46851,"01/04/2016",19,1,NA,"B_single_medication","A_no_medication"
"23",14,6000,37,"PL",1,"F",62618,"28/04/2019",51,53,35,"C_comedication","C_comedication"
"24",14,6000,37,"PL",1,"F",62772,"26/05/2021",25,61,14,"C_comedication","C_comedication"
"25",14,6000,37,"PL",1,"F",62529,"03/05/2016",75,64,49,"C_comedication","C_comedication"
"26",14,6000,37,"PL",1,"F",62635,"25/05/2019",13,7,6,"B_single_medication","B_single_medication"
"27",14,6000,37,"PL",1,"F",62708,"19/10/2019",71,18,41,"C_comedication","C_comedication"
"28",15,6936,23,"DE",0,"F",81783,"04/05/2016",17,9,NA,"B_single_medication","A_no_medication"
"29",15,6936,23,"DE",0,"F",81777,"14/04/2016",35,0,NA,"A_no_medication","A_no_medication"
"30",16,6942,51,"PL",1,"F",81834,"29/04/2016",0,3,0,"C_comedication","A_no_medication"
"31",17,7230,33,"ES",1,"F",85593,"16/05/2016",28,21,2,"B_single_medication","A_no_medication"
"32",18,9654,21,"IT",1,"M",138833,"20/08/2016",17,0,10,"C_comedication","B_single_medication"
"33",19,9750,67,"IT",0,"M",143554,"24/02/2018",19,20,15,"A_no_medication","A_no_medication"
"34",20,12930,35,"BE",0,"M",184655,"27/05/2016",2,0,0,"A_no_medication","A_no_medication"
"35",21,13296,24,"LT",0,"M",192663,"26/10/2021",26,63,14,"B_single_medication","B_single_medication"
"36",22,13722,46,"PT",0,"M",200708,"07/05/2016",100,100,98,"A_no_medication","A_no_medication"
"37",23,14028,64,"PT",0,"M",209120,"27/05/2016",3,8,5,"B_single_medication","A_no_medication"
"38",24,14286,34,"PL",0,"F",212510,"08/05/2016",66,3,NA,"A_no_medication","A_no_medication"
"39",25,14556,47,"PT",1,"F",215834,"08/05/2016",50,8,33,"A_no_medication","B_single_medication"
"40",26,15108,37,"IT",1,"M",227893,"23/02/2020",23,19,51,"C_comedication","A_no_medication"
"41",27,15732,56,"PT",0,"F",239015,"14/05/2016",47,2,NA,"A_no_medication","A_no_medication"
"42",28,15804,42,"PT",1,"F",240484,"01/09/2016",46,3,15,"C_comedication","A_no_medication"
"43",29,16470,19,"IT",1,"F",253190,"01/06/2016",40,35,1,"C_comedication","A_no_medication"
"44",30,17628,13,"DE",1,"F",274152,"07/07/2016",87,8,0,"A_no_medication","A_no_medication"
"45",31,17850,34,"ES",0,"F",278464,"26/06/2016",59,17,16,"B_single_medication","A_no_medication"
"46",32,17940,27,"PT",1,"F",280705,"21/05/2016",74,53,40,"B_single_medication","A_no_medication"
"47",33,17964,36,"IT",0,"F",280835,"20/08/2016",0,6,9,"A_no_medication","A_no_medication"
"48",34,19428,23,"FR",0,"F",301199,"29/05/2016",9,0,0,"A_no_medication","A_no_medication"
"49",35,20292,19,"LT",1,"M",303837,"19/12/2020",10,0,0,"B_single_medication","B_single_medication"
"50",35,20292,19,"LT",1,"M",303888,"18/02/2021",34,0,3,"B_single_medication","B_single_medication"
"51",35,20292,19,"LT",1,"M",303733,"20/07/2020",0,0,16,"B_single_medication","B_single_medication"
"52",35,20292,19,"LT",1,"M",303240,"19/01/2019",16,0,15,"B_single_medication","B_single_medication"
"53",36,20664,33,"DE",0,"F",305314,"22/01/2018",29,3,1,"C_comedication","B_single_medication"
"54",36,20664,33,"DE",0,"F",305336,"12/10/2019",9,5,0,"C_comedication","B_single_medication"
"55",37,22116,44,"ES",0,"M",328680,"26/07/2016",14,6,1,"C_comedication","A_no_medication"
"56",38,22524,36,"ES",1,"F",337533,"30/06/2016",12,2,2,"B_single_medication","A_no_medication"
"57",39,27186,42,"FI",1,"M",386345,"14/10/2016",79,22,49,"C_comedication","B_single_medication"
"58",40,27438,29,"LT",1,"M",387476,"24/04/2017",0,0,4,"C_comedication","B_single_medication"
"59",41,27624,30,"GB",0,"M",388173,"09/12/2016",0,0,1,"A_no_medication","A_no_medication"
"60",41,27624,30,"GB",0,"M",388380,"08/09/2017",0,3,2,"A_no_medication","A_no_medication"
"61",41,27624,30,"GB",0,"M",388102,"26/09/2016",11,5,1,"A_no_medication","A_no_medication"
"62",42,28134,46,"GB",0,"M",390816,"17/08/2017",14,32,3,"B_single_medication","A_no_medication"
"63",43,30030,15,"SE",0,"F",1754,"13/02/2017",0,0,1,"A_no_medication","A_no_medication"
"64",44,30300,40,"ES",0,"F",2338,"04/08/2017",0,0,0,"A_no_medication","A_no_medication"
"65",45,30360,36,"NL",0,"F",2552,"18/11/2016",55,6,12,"A_no_medication","A_no_medication"
"66",46,30384,50,"FR",0,"F",2597,"24/03/2019",37,43,0,"B_single_medication","A_no_medication"
"67",47,30462,35,"IT",0,"F",2696,"20/11/2016",97,100,18,"A_no_medication","A_no_medication"
"68",48,30900,52,"IT",0,"F",3321,"05/01/2017",15,2,0,"B_single_medication","A_no_medication"
"69",49,30912,29,"IT",1,"F",3397,"24/12/2016",0,0,3,"A_no_medication","A_no_medication"
"70",50,30972,16,"BR",1,"F",3581,"06/12/2016",65,61,2,"B_single_medication","A_no_medication"
"71",51,31584,90,"PL",0,"F",4039,"11/05/2017",13,2,11,"A_no_medication","A_no_medication"
"72",51,31584,90,"PL",0,"F",4276,"27/08/2018",5,2,0,"A_no_medication","A_no_medication"
"73",51,31584,90,"PL",0,"F",4199,"15/03/2018",6,1,3,"B_single_medication","C_comedication"
"74",52,32016,17,"AU",1,"F",4709,"29/01/2017",58,1,4,"B_single_medication","A_no_medication"
"75",53,32700,26,"PT",0,"M",5582,"14/01/2018",5,9,10,"B_single_medication","A_no_medication"
"76",54,32754,24,"IT",0,"F",5594,"12/01/2017",77,16,84,"A_no_medication","B_single_medication"
"77",55,32874,42,"ES",0,"M",5867,"01/04/2017",10,0,0,"C_comedication","B_single_medication"
"78",56,33180,38,"ES",0,"F",6856,"23/01/2017",49,0,18,"A_no_medication","B_single_medication"
"79",57,33582,28,"PL",0,"M",7456,"18/02/2017",13,0,1,"B_single_medication","B_single_medication"
"80",58,33876,35,"IT",1,"M",7754,"03/07/2017",8,3,1,"B_single_medication","A_no_medication"
"81",59,34368,22,"GR",0,"M",8951,"29/03/2017",0,4,0,"A_no_medication","A_no_medication"
"82",60,34674,45,"DE",1,"F",9556,"22/03/2017",3,2,0,"A_no_medication","A_no_medication"
"83",61,34884,55,"PL",0,"M",9772,"01/04/2017",1,12,17,"B_single_medication","A_no_medication"
"84",62,35148,48,"IT",1,"M",10030,"28/02/2017",78,48,96,"C_comedication","C_comedication"
"85",63,36186,35,"IT",0,"M",11186,"19/04/2017",10,19,7,"C_comedication","A_no_medication"
"86",64,36900,38,"FI",0,"F",11872,"29/04/2018",37,12,42,"B_single_medication","B_single_medication"
"87",65,36966,45,"FI",0,"F",12052,"03/05/2017",0,4,2,"C_comedication","A_no_medication"
"88",66,37218,24,"FI",1,"M",13253,"08/02/2020",14,0,10,"C_comedication","C_comedication"
"89",66,37218,24,"FI",1,"M",12667,"07/06/2018",5,0,9,"C_comedication","C_comedication"
"90",66,37218,24,"FI",1,"M",13224,"10/01/2020",17,0,4,"B_single_medication","C_comedication"
"91",67,37224,42,"FI",1,"F",13891,"18/03/2017",2,14,3,"C_comedication","B_single_medication"
"92",67,37224,42,"FI",1,"F",13913,"22/04/2017",0,3,0,"A_no_medication","A_no_medication"
"93",68,37428,13,"FI",0,"M",14064,"25/06/2017",0,2,0,"A_no_medication","A_no_medication"
"94",69,38088,32,"PL",0,"F",15159,"06/11/2017",0,0,0,"C_comedication","A_no_medication"
"95",69,38088,32,"PL",0,"F",15251,"15/02/2018",2,2,4,"B_single_medication","A_no_medication"
"96",69,38088,32,"PL",0,"F",15021,"11/06/2017",0,0,0,"A_no_medication","A_no_medication"
"97",70,38520,41,"PT",0,"F",15690,"27/06/2017",7,9,10,"B_single_medication","B_single_medication"
"98",70,38520,41,"PT",0,"F",15681,"10/06/2017",4,0,0,"B_single_medication","A_no_medication"
"99",71,39036,51,"PT",1,"F",16003,"04/04/2017",75,1,9,"B_single_medication","B_single_medication"
"100",72,39168,43,"PT",0,"M",16093,"09/04/2017",36,3,0,"B_single_medication","A_no_medication"
"101",73,40194,29,"PT",0,"F",17141,"17/03/2017",35,31,1,"A_no_medication","A_no_medication"
"102",74,41550,32,"PT",0,"F",17715,"24/03/2017",7,15,0,"B_single_medication","A_no_medication"
"103",75,42042,33,"GB",0,"M",18021,"18/03/2017",80,32,0,"B_single_medication","A_no_medication"
"104",76,43500,16,"ES",0,"M",19346,"01/03/2018",16,9,2,"B_single_medication","A_no_medication"
"105",77,43608,23,"GR",0,"F",19482,"31/03/2017",2,3,6,"A_no_medication","A_no_medication"
"106",78,43662,77,"BR",1,"F",19628,"07/07/2017",13,0,2,"B_single_medication","A_no_medication"
"107",79,43692,39,"DE",0,"F",20014,"26/08/2017",41,0,0,"A_no_medication","A_no_medication"
"108",80,44358,37,"ES",0,"F",21709,"30/08/2017",7,9,0,"C_comedication","A_no_medication"
"109",81,44544,38,"DE",0,"M",22311,"04/05/2017",26,33,2,"A_no_medication","A_no_medication"
"110",82,44952,16,"FR",0,"F",22655,"11/04/2017",0,0,0,"C_comedication","A_no_medication"
"111",83,45450,29,"DE",1,"F",23720,"21/10/2017",64,69,1,"C_comedication","A_no_medication"
"112",84,45630,38,"IT",0,"M",23877,"11/06/2017",0,0,0,"A_no_medication","A_no_medication"
"113",84,45630,38,"IT",0,"M",23881,"17/06/2017",7,7,0,"A_no_medication","A_no_medication"
"114",85,45726,23,"PT",0,"F",23992,"06/04/2017",24,32,2,"B_single_medication","A_no_medication"
"115",86,46770,26,"PT",0,"F",24427,"04/12/2017",3,9,7,"C_comedication","B_single_medication"
"116",87,47394,29,"IT",0,"M",25167,"08/06/2017",29,23,3,"B_single_medication","A_no_medication"
"117",88,47622,39,"PL",0,"M",25345,"17/04/2017",0,0,32,"A_no_medication","A_no_medication"
"118",89,47670,23,"IT",0,"M",25481,"15/04/2017",18,6,3,"B_single_medication","A_no_medication"
"119",90,47916,59,"PT",0,"F",25721,"15/04/2017",47,28,21,"A_no_medication","A_no_medication"
"120",91,48264,42,"DE",0,"F",26103,"01/05/2017",85,65,3,"B_single_medication","A_no_medication"
"121",92,48609,59,"DE",1,"F",26889,"18/05/2018",2,0,0,"A_no_medication","A_no_medication"
"122",93,48861,49,"DE",1,"F",27250,"22/04/2017",26,30,0,"A_no_medication","A_no_medication"
"123",94,48915,67,"DK",0,"F",27366,"19/04/2017",78,35,99,"C_comedication","A_no_medication"
"124",95,49011,43,"DE",0,"F",27562,"07/05/2017",15,10,4,"A_no_medication","A_no_medication"
"125",96,50529,20,"LT",1,"M",29059,"11/06/2017",0,0,0,"B_single_medication","B_single_medication"
"126",96,50529,20,"LT",1,"M",29063,"09/07/2017",0,0,0,"B_single_medication","B_single_medication"
"127",97,50691,48,"DE",1,"F",29207,"24/04/2017",10,12,8,"A_no_medication","A_no_medication"
"128",98,51195,42,"IT",0,"F",29872,"13/10/2017",29,30,14,"A_no_medication","A_no_medication"
"129",99,52353,60,"DE",0,"M",31596,"01/05/2017",0,1,0,"A_no_medication","B_single_medication"
"130",100,52443,63,"LT",1,"F",31849,"14/07/2017",0,3,0,"A_no_medication","A_no_medication"
"131",101,52749,44,"IT",1,"M",34039,"14/11/2017",4,10,11,"A_no_medication","A_no_medication"
"132",102,53301,16,"MX",1,"F",35480,"22/12/2017",15,13,3,"A_no_medication","A_no_medication"
"133",103,53337,30,"MX",0,"F",36782,"25/06/2020",29,24,0,"C_comedication","A_no_medication"
"134",103,53337,30,"MX",0,"F",36102,"10/04/2018",33,0,0,"A_no_medication","A_no_medication"
"135",103,53337,30,"MX",0,"F",36549,"27/10/2019",27,20,3,"A_no_medication","A_no_medication"
"136",103,53337,30,"MX",0,"F",36504,"07/09/2019",32,14,0,"A_no_medication","A_no_medication"
"137",103,53337,30,"MX",0,"F",37274,"10/11/2021",6,3,0,"C_comedication","B_single_medication"
"138",104,53799,31,"AU",1,"F",38025,"08/06/2018",78,64,71,"A_no_medication","A_no_medication"
"139",105,53871,53,"LT",0,"F",38190,"20/06/2017",22,32,11,"A_no_medication","A_no_medication"
"140",105,53871,53,"LT",0,"F",38249,"14/09/2017",28,30,18,"C_comedication","B_single_medication"
"141",106,53967,37,"DE",1,"F",38514,"02/06/2017",71,34,6,"B_single_medication","A_no_medication"
"142",107,54327,55,"TR",0,"M",39900,"06/08/2021",7,8,6,"B_single_medication","A_no_medication"
"143",108,54651,24,"DE",1,"F",41219,"03/06/2017",5,24,1,"B_single_medication","A_no_medication"
"144",109,54897,19,"MX",0,"F",41848,"09/03/2018",16,7,1,"A_no_medication","A_no_medication"
"145",109,54897,19,"MX",0,"F",41817,"20/05/2017",38,18,0,"A_no_medication","A_no_medication"
"146",110,55041,44,"MX",1,"F",42263,"12/08/2017",15,0,0,"C_comedication","A_no_medication"
"147",111,56217,41,"MX",0,"M",44579,"31/10/2017",29,32,4,"A_no_medication","A_no_medication"
"148",112,56823,21,"IT",0,"F",45609,"01/01/2018",1,0,0,"A_no_medication","C_comedication"
"149",113,56835,46,"IT",0,"F",45882,"25/01/2018",42,41,48,"A_no_medication","A_no_medication"
"150",114,57741,30,"FR",0,"M",47927,"28/05/2017",64,69,51,"A_no_medication","A_no_medication"
"151",115,58185,33,"MX",0,"F",48362,"04/10/2017",66,64,66,"C_comedication","B_single_medication"
"152",116,58527,28,"MX",1,"M",48740,"15/01/2018",4,3,0,"A_no_medication","A_no_medication"
"153",117,58593,27,"MX",1,"F",48818,"07/06/2017",3,0,4,"A_no_medication","A_no_medication"
"154",118,58953,30,"MX",0,"M",49400,"29/11/2017",25,9,4,"B_single_medication","A_no_medication"
"155",119,60687,33,"DE",1,"M",51702,"01/08/2017",48,30,27,"A_no_medication","A_no_medication"
"156",119,60687,33,"DE",1,"M",51657,"13/06/2017",60,44,27,"A_no_medication","A_no_medication"
"157",120,60927,29,"MX",0,"F",51963,"25/05/2017",11,0,32,"C_comedication","B_single_medication"
"158",121,61485,19,"MX",0,"F",53216,"03/11/2017",0,3,1,"B_single_medication","B_single_medication"
"159",121,61485,19,"MX",0,"F",53257,"23/12/2017",1,2,1,"A_no_medication","B_single_medication"
"160",122,61725,20,"BR",0,"F",53614,"27/05/2017",1,1,5,"C_comedication","A_no_medication"
"161",123,62019,38,"MX",1,"F",53826,"08/09/2017",1,2,1,"A_no_medication","A_no_medication"
"162",124,63303,22,"MX",0,"F",55357,"28/08/2017",1,0,0,"A_no_medication","A_no_medication"
"163",125,63681,17,"MX",0,"F",55805,"28/05/2017",18,39,0,"A_no_medication","A_no_medication"
"164",126,63723,25,"LT",1,"M",56113,"26/09/2018",8,3,0,"A_no_medication","A_no_medication"
"165",127,63987,18,"LT",0,"F",56656,"19/01/2018",11,0,0,"A_no_medication","B_single_medication"
"166",128,64479,43,"LT",0,"F",57256,"10/08/2017",0,0,0,"A_no_medication","B_single_medication"
"167",128,64479,43,"LT",0,"F",57436,"22/02/2018",1,0,2,"A_no_medication","B_single_medication"
"168",128,64479,43,"LT",0,"F",57304,"03/10/2017",4,0,3,"A_no_medication","B_single_medication"
"169",129,64821,45,"CH",0,"M",57812,"06/06/2017",39,11,0,"B_single_medication","A_no_medication"
"170",129,64821,45,"CH",0,"M",57840,"02/04/2018",21,36,2,"A_no_medication","A_no_medication"
"171",130,65055,40,"DE",0,"F",58023,"15/06/2017",4,6,0,"B_single_medication","A_no_medication"
"172",131,65151,32,"AT",0,"F",58087,"16/07/2017",15,1,0,"A_no_medication","A_no_medication"
"173",132,65163,43,"CH",1,"F",58094,"03/06/2017",2,26,20,"C_comedication","A_no_medication"
"174",133,65475,15,"LT",0,"F",58663,"25/05/2020",14,31,4,"A_no_medication","C_comedication"
"175",133,65475,15,"LT",0,"F",58335,"26/02/2018",10,6,30,"A_no_medication","B_single_medication"
"176",133,65475,15,"LT",0,"F",59056,"06/09/2021",18,19,8,"B_single_medication","C_comedication"
"177",133,65475,15,"LT",0,"F",58658,"18/05/2020",14,35,14,"A_no_medication","C_comedication"
"178",133,65475,15,"LT",0,"F",58955,"09/05/2021",15,16,7,"A_no_medication","C_comedication"
"179",133,65475,15,"LT",0,"F",58577,"10/01/2020",13,33,10,"A_no_medication","B_single_medication"
"180",134,65547,17,"MX",0,"M",59198,"05/07/2017",27,14,40,"A_no_medication","A_no_medication"
"181",135,65769,77,"TR",0,"M",59735,"06/10/2019",8,0,0,"A_no_medication","B_single_medication"
"182",135,65769,77,"TR",0,"M",59807,"22/11/2021",8,0,5,"A_no_medication","A_no_medication"
"183",136,65895,30,"NL",0,"M",59870,"09/08/2017",5,0,0,"B_single_medication","A_no_medication"
"184",137,66165,31,"DE",0,"F",60128,"06/06/2017",0,4,3,"B_single_medication","A_no_medication"
"185",138,66375,27,"LT",1,"M",60475,"23/12/2017",12,3,0,"A_no_medication","B_single_medication"
"186",139,66933,58,"GB",0,"F",61267,"26/06/2017",18,6,2,"B_single_medication","A_no_medication"
"187",140,67395,23,"IT",0,"M",61746,"11/08/2017",1,0,0,"A_no_medication","A_no_medication"
"188",141,67557,50,"GB",1,"M",61933,"19/06/2017",47,25,0,"A_no_medication","B_single_medication"
"189",142,68403,34,"MX",0,"F",63064,"31/08/2017",0,3,0,"A_no_medication","A_no_medication"
"190",143,68871,68,"MX",1,"F",63771,"22/06/2017",66,0,0,"C_comedication","A_no_medication"
"191",144,68955,41,"MX",0,"F",63897,"28/07/2017",0,3,0,"A_no_medication","A_no_medication"
"192",144,68955,41,"MX",0,"F",63888,"18/07/2017",0,10,1,"A_no_medication","A_no_medication"
"193",145,69453,51,"PT",0,"M",64808,"03/12/2017",11,1,3,"B_single_medication","B_single_medication"
"194",145,69453,51,"PT",0,"M",65183,"14/06/2019",27,3,0,"B_single_medication","B_single_medication"
"195",146,69765,56,"ES",1,"F",65991,"05/05/2018",19,0,15,"A_no_medication","A_no_medication"
"196",146,69765,56,"ES",1,"F",66030,"19/06/2018",15,2,13,"A_no_medication","A_no_medication"
"197",147,69915,39,"LT",1,"M",66410,"20/07/2018",0,0,0,"B_single_medication","A_no_medication"
"198",147,69915,39,"LT",1,"M",66795,"30/01/2021",11,4,2,"A_no_medication","A_no_medication"
"199",147,69915,39,"LT",1,"M",66254,"31/01/2018",0,2,0,"A_no_medication","A_no_medication"
"200",148,69957,35,"DE",0,"F",66886,"13/03/2018",0,0,0,"A_no_medication","A_no_medication"
"201",149,70005,27,"LT",0,"M",68029,"27/03/2021",0,0,0,"A_no_medication","A_no_medication"
"202",149,70005,27,"LT",0,"M",67155,"13/01/2018",3,0,0,"A_no_medication","A_no_medication"
"203",150,70029,45,"BR",0,"M",68221,"30/06/2017",12,22,3,"B_single_medication","A_no_medication"
"204",151,70587,53,"MX",1,"M",69011,"29/07/2017",16,44,11,"C_comedication","A_no_medication"
"205",152,70635,28,"MX",0,"F",69062,"11/07/2017",46,0,0,"C_comedication","A_no_medication"
"206",153,72447,36,"MX",1,"M",71347,"22/09/2017",3,2,0,"B_single_medication","A_no_medication"
"207",153,72447,36,"MX",1,"M",71489,"23/04/2018",0,0,3,"B_single_medication","A_no_medication"
"208",153,72447,36,"MX",1,"M",71408,"04/01/2018",0,0,2,"B_single_medication","A_no_medication"
"209",154,72489,14,"MX",0,"M",71518,"02/08/2017",4,1,3,"A_no_medication","A_no_medication"
"210",154,72489,14,"MX",0,"M",71526,"22/08/2017",5,2,0,"B_single_medication","A_no_medication"
"211",155,72579,13,"DK",1,"F",71688,"10/05/2018",0,2,2,"C_comedication","A_no_medication"
"212",156,73515,37,"LT",0,"F",73231,"11/08/2017",4,4,0,"A_no_medication","A_no_medication"
"213",157,73767,40,"LT",0,"F",73924,"02/09/2017",4,6,7,"B_single_medication","B_single_medication"
"214",158,73911,49,"CH",0,"F",74115,"25/05/2018",67,58,61,"B_single_medication","A_no_medication"
"215",159,73923,35,"CH",0,"M",74160,"28/07/2017",65,41,13,"A_no_medication","A_no_medication"
"216",160,74409,41,"LT",0,"F",76200,"09/07/2021",2,0,3,"A_no_medication","A_no_medication"
"217",160,74409,41,"LT",0,"F",76221,"31/07/2021",10,5,0,"A_no_medication","A_no_medication"
"218",160,74409,41,"LT",0,"F",75725,"16/02/2020",0,0,0,"A_no_medication","A_no_medication"
"219",160,74409,41,"LT",0,"F",74990,"29/08/2017",0,0,3,"A_no_medication","A_no_medication"
"220",160,74409,41,"LT",0,"F",76104,"03/04/2021",0,0,3,"A_no_medication","A_no_medication"
"221",160,74409,41,"LT",0,"F",75430,"20/02/2019",0,0,0,"A_no_medication","A_no_medication"
"222",161,74607,39,"GB",0,"M",76399,"25/07/2017",13,12,22,"C_comedication","B_single_medication"
"223",162,75069,63,"MX",0,"F",77234,"20/11/2018",6,1,0,"C_comedication","A_no_medication"
"224",163,75543,35,"MX",1,"M",77618,"26/08/2017",1,1,1,"A_no_medication","A_no_medication"
"225",164,75777,40,"IT",0,"F",77845,"04/08/2017",23,1,3,"A_no_medication","A_no_medication"
"226",164,75777,40,"IT",0,"F",77888,"12/07/2018",2,57,0,"B_single_medication","A_no_medication"
"227",165,75921,33,"PL",1,"F",78018,"06/08/2017",66,60,36,"A_no_medication","A_no_medication"
"228",166,76569,13,"MX",0,"F",78793,"29/10/2017",9,6,5,"B_single_medication","A_no_medication"
"229",167,76875,33,"MX",1,"F",79346,"26/08/2017",64,28,73,"A_no_medication","A_no_medication"
"230",168,76965,21,"MX",0,"F",79527,"11/09/2017",54,56,46,"B_single_medication","B_single_medication"
"231",168,76965,21,"MX",0,"F",79542,"27/09/2017",20,23,8,"A_no_medication","A_no_medication"
"232",169,77043,55,"MX",0,"F",79830,"27/08/2017",6,7,10,"A_no_medication","B_single_medication"
"233",170,77103,27,"AU",0,"M",79982,"09/02/2018",77,26,0,"B_single_medication","A_no_medication"
"234",170,77103,27,"AU",0,"M",80029,"05/04/2018",8,0,0,"B_single_medication","A_no_medication"
"235",171,77223,35,"LT",0,"F",80590,"07/03/2021",11,7,16,"A_no_medication","B_single_medication"
"236",171,77223,35,"LT",0,"F",80629,"01/07/2021",8,16,11,"A_no_medication","B_single_medication"
"237",172,77439,24,"CZ",1,"F",81048,"17/05/2018",19,14,4,"A_no_medication","A_no_medication"
"238",172,77439,24,"CZ",1,"F",80973,"19/02/2018",4,0,0,"A_no_medication","A_no_medication"
"239",173,78087,27,"GR",0,"F",82167,"18/08/2017",0,0,0,"A_no_medication","A_no_medication"
"240",174,78393,38,"IT",0,"F",82491,"09/09/2017",33,11,4,"A_no_medication","A_no_medication"
"241",175,78723,35,"MX",1,"M",82876,"06/10/2017",12,23,1,"C_comedication","A_no_medication"
"242",176,78921,87,"MX",1,"M",83157,"28/08/2017",3,3,1,"A_no_medication","A_no_medication"
"243",177,78933,44,"MX",0,"M",83189,"05/09/2017",36,36,0,"A_no_medication","A_no_medication"
"244",178,79143,20,"GR",0,"F",83432,"19/09/2017",1,0,1,"A_no_medication","A_no_medication"
"245",179,79149,58,"IT",0,"F",83577,"17/05/2018",33,29,4,"A_no_medication","A_no_medication"
"246",179,79149,58,"IT",0,"F",83566,"22/04/2018",25,2,0,"A_no_medication","A_no_medication"
"247",180,79431,40,"LT",1,"F",83869,"04/09/2017",82,52,1,"A_no_medication","A_no_medication"
"248",181,79551,78,"IT",0,"F",84115,"03/06/2018",0,11,12,"A_no_medication","A_no_medication"
"249",182,80079,53,"LT",1,"M",85039,"12/10/2017",9,3,0,"C_comedication","A_no_medication"
"250",183,80091,29,"MX",1,"M",85093,"13/10/2017",15,3,4,"C_comedication","A_no_medication"
"251",184,80103,38,"MX",1,"F",85179,"15/09/2017",6,0,1,"C_comedication","B_single_medication"
"252",185,80271,28,"IT",1,"F",85463,"24/10/2017",100,100,0,"B_single_medication","B_single_medication"
"253",186,80583,28,"ES",1,"F",86037,"07/12/2017",1,0,2,"B_single_medication","A_no_medication"
"254",187,80607,62,"MX",0,"M",86064,"06/09/2017",46,10,3,"B_single_medication","A_no_medication"
"255",188,81105,21,"MX",0,"M",86766,"12/09/2017",3,4,1,"A_no_medication","A_no_medication"
"256",189,81135,41,"LT",0,"M",86926,"03/12/2017",0,4,0,"B_single_medication","B_single_medication"
"257",190,81231,19,"AT",1,"M",87538,"26/09/2017",10,13,0,"A_no_medication","A_no_medication"
"258",191,81327,40,"MX",1,"F",87627,"10/09/2017",50,1,0,"B_single_medication","A_no_medication"
"259",192,81585,32,"IT",0,"F",88149,"10/09/2017",37,38,1,"B_single_medication","A_no_medication"
"260",193,81621,34,"MX",0,"M",88244,"21/10/2017",15,0,0,"A_no_medication","A_no_medication"
"261",194,81939,45,"GR",0,"F",88828,"30/09/2017",74,1,3,"A_no_medication","A_no_medication"
"262",195,81951,29,"BR",0,"F",88898,"28/11/2017",29,65,0,"A_no_medication","A_no_medication"
"263",196,82035,28,"MX",1,"F",88956,"20/10/2017",33,62,2,"C_comedication","A_no_medication"
"264",197,82275,58,"DK",0,"M",89822,"12/09/2019",0,4,0,"A_no_medication","A_no_medication"
"265",198,82527,59,"IT",1,"F",90506,"18/11/2017",0,0,3,"A_no_medication","A_no_medication"
"266",198,82527,59,"IT",1,"F",90476,"17/10/2017",3,3,0,"A_no_medication","A_no_medication"
"267",199,83133,65,"MX",1,"F",91548,"09/11/2017",0,2,3,"A_no_medication","A_no_medication"
"268",200,83301,46,"MX",1,"M",92233,"03/01/2020",5,4,0,"C_comedication","A_no_medication"
"269",200,83301,46,"MX",1,"M",92074,"09/07/2018",0,0,0,"B_single_medication","A_no_medication"
"270",201,83349,25,"MX",0,"F",92525,"24/11/2017",0,2,0,"C_comedication","A_no_medication"
"271",202,83433,62,"MX",0,"M",92776,"25/11/2017",72,34,0,"A_no_medication","A_no_medication"
"272",203,83517,39,"IT",1,"F",93494,"12/04/2018",49,54,0,"B_single_medication","A_no_medication"
"273",204,83721,22,"IT",0,"F",94474,"22/03/2019",19,2,0,"A_no_medication","A_no_medication"
"274",205,83973,51,"IT",0,"M",95115,"29/12/2018",2,2,0,"A_no_medication","A_no_medication"
"275",206,84249,37,"LT",1,"F",95994,"11/04/2021",0,11,1,"A_no_medication","A_no_medication"
"276",207,84393,31,"CZ",1,"F",96256,"30/09/2018",18,24,17,"A_no_medication","A_no_medication"
"277",208,85221,40,"PL",1,"F",97403,"08/11/2017",0,8,9,"A_no_medication","C_comedication"
"278",209,85317,18,"LT",1,"F",97793,"20/07/2020",6,4,7,"A_no_medication","A_no_medication"
"279",210,85389,17,"BR",0,"F",97891,"06/02/2018",85,2,26,"C_comedication","A_no_medication"
"280",211,85407,23,"LT",0,"M",97915,"25/10/2017",3,3,3,"A_no_medication","B_single_medication"
"281",212,85545,40,"MX",0,"F",98361,"10/11/2017",6,11,0,"A_no_medication","A_no_medication"
"282",213,85785,23,"ES",1,"F",98644,"09/10/2017",9,13,11,"B_single_medication","A_no_medication"
"283",214,85941,56,"LT",1,"F",98830,"20/11/2017",0,1,0,"A_no_medication","A_no_medication"
"284",214,85941,56,"LT",1,"F",98827,"17/11/2017",0,0,0,"A_no_medication","A_no_medication"
"285",215,86019,56,"GR",0,"M",99404,"25/01/2018",1,3,0,"A_no_medication","A_no_medication"
"286",215,86019,56,"GR",0,"M",99625,"25/02/2019",0,2,0,"A_no_medication","A_no_medication"
"287",216,86097,38,"PT",0,"F",99724,"09/10/2017",1,3,0,"A_no_medication","A_no_medication"
"288",217,86205,36,"AT",1,"M",99793,"12/11/2017",0,2,4,"A_no_medication","A_no_medication"
"289",218,86271,50,"BR",0,"F",100390,"18/08/2018",8,2,3,"B_single_medication","A_no_medication"
"290",219,86871,27,"IT",0,"M",101951,"17/06/2019",15,7,0,"C_comedication","A_no_medication"
"291",219,86871,27,"IT",0,"M",102011,"31/08/2019",31,15,5,"C_comedication","A_no_medication"
"292",219,86871,27,"IT",0,"M",101710,"02/06/2018",7,0,4,"C_comedication","A_no_medication"
"293",220,87435,17,"BR",1,"M",102591,"15/10/2017",49,33,10,"B_single_medication","A_no_medication"
"294",221,87609,57,"LT",0,"F",102772,"26/04/2020",0,0,0,"A_no_medication","A_no_medication"
"295",222,87663,40,"LT",0,"F",102856,"02/01/2018",0,2,2,"B_single_medication","B_single_medication"
"296",223,88269,34,"IT",0,"F",103042,"24/05/2018",16,6,4,"B_single_medication","A_no_medication"
"297",223,88269,34,"IT",0,"F",102998,"15/03/2018",4,1,0,"A_no_medication","A_no_medication"
"298",224,88455,39,"LT",1,"F",103345,"26/11/2017",0,0,0,"A_no_medication","A_no_medication"
"299",225,88485,39,"AT",0,"M",103872,"01/01/2018",0,3,2,"A_no_medication","A_no_medication"
"300",226,89169,28,"AT",1,"F",104712,"22/10/2017",14,0,2,"A_no_medication","A_no_medication"
"301",227,89403,43,"LT",0,"F",105022,"02/03/2018",0,5,0,"B_single_medication","B_single_medication"
"302",228,89991,19,"MX",0,"F",106141,"16/02/2019",26,28,3,"A_no_medication","A_no_medication"
"303",228,89991,19,"MX",0,"F",106157,"04/03/2019",59,34,0,"A_no_medication","A_no_medication"
"304",228,89991,19,"MX",0,"F",106258,"14/06/2019",11,7,3,"A_no_medication","A_no_medication"
"305",229,90183,33,"IT",0,"F",106533,"27/10/2017",59,68,64,"A_no_medication","A_no_medication"
"306",230,90963,16,"BR",0,"F",107937,"30/10/2017",23,1,2,"B_single_medication","A_no_medication"
"307",231,92049,47,"IT",1,"M",108405,"08/11/2017",5,0,0,"C_comedication","B_single_medication"
"308",232,92151,67,"MX",1,"F",108571,"05/11/2017",69,45,2,"C_comedication","A_no_medication"
"309",233,92553,31,"LT",0,"F",109217,"04/04/2021",0,25,4,"A_no_medication","A_no_medication"
"310",234,93147,41,"LT",0,"M",109853,"30/11/2018",3,4,0,"A_no_medication","A_no_medication"
"311",235,93885,30,"AT",0,"F",110943,"05/06/2020",64,16,23,"B_single_medication","A_no_medication"
"312",236,94215,42,"DE",0,"M",111093,"07/02/2018",27,31,26,"A_no_medication","A_no_medication"
"313",237,94443,31,"MX",1,"F",111511,"23/08/2018",19,0,3,"A_no_medication","A_no_medication"
"314",238,95115,14,"IT",1,"M",112272,"01/07/2019",0,0,0,"A_no_medication","A_no_medication"
"315",238,95115,14,"IT",1,"M",112086,"07/09/2018",0,0,1,"A_no_medication","A_no_medication"
"316",238,95115,14,"IT",1,"M",112279,"09/07/2019",0,2,3,"A_no_medication","A_no_medication"
"317",239,95193,26,"TR",0,"F",112518,"21/05/2018",19,19,17,"A_no_medication","A_no_medication"
"318",239,95193,26,"TR",0,"F",112575,"23/07/2018",28,12,6,"A_no_medication","A_no_medication"
"319",240,95361,46,"TR",0,"F",112768,"28/12/2017",26,0,27,"C_comedication","C_comedication"
"320",241,95457,53,"DE",1,"M",112878,"02/09/2018",4,1,3,"A_no_medication","A_no_medication"
"321",242,95517,22,"AU",1,"F",112904,"18/11/2017",3,0,3,"A_no_medication","A_no_medication"
"322",243,95535,43,"IT",0,"F",113088,"30/04/2018",0,0,0,"A_no_medication","A_no_medication"
"323",244,95727,14,"IT",1,"M",113660,"13/07/2018",38,17,19,"A_no_medication","A_no_medication"
"324",245,95745,54,"DE",0,"F",114052,"10/09/2018",3,0,0,"A_no_medication","A_no_medication"
"325",246,95799,27,"ES",0,"F",114356,"30/03/2019",38,25,31,"C_comedication","A_no_medication"
"326",247,95985,44,"GR",1,"M",114749,"22/09/2021",31,39,50,"A_no_medication","A_no_medication"
"327",248,96075,23,"ES",1,"F",114879,"04/03/2018",0,7,6,"A_no_medication","A_no_medication"
"328",248,96075,23,"ES",1,"F",114869,"21/02/2018",0,0,7,"A_no_medication","A_no_medication"
"329",248,96075,23,"ES",1,"F",114965,"24/06/2018",38,16,1,"A_no_medication","A_no_medication"
"330",249,96969,21,"LT",0,"F",115786,"07/08/2020",15,0,0,"A_no_medication","A_no_medication"
"331",249,96969,21,"LT",0,"F",115517,"16/05/2019",4,6,1,"B_single_medication","A_no_medication"
"332",250,97161,22,"MX",1,"M",116434,"19/11/2018",1,0,0,"A_no_medication","A_no_medication"
"333",250,97161,22,"MX",1,"M",116403,"18/10/2018",0,0,3,"A_no_medication","A_no_medication"
"334",251,97227,63,"FR",0,"F",116864,"07/01/2018",1,4,0,"B_single_medication","A_no_medication"
"335",251,97227,63,"FR",0,"F",117012,"11/10/2018",0,3,0,"A_no_medication","A_no_medication"
"336",252,97353,30,"GR",0,"M",117098,"29/12/2017",6,4,0,"B_single_medication","A_no_medication"
"337",253,97383,61,"LT",1,"F",117198,"01/03/2018",2,10,5,"A_no_medication","A_no_medication"
"338",254,97617,56,"IT",0,"M",117985,"16/02/2018",0,2,0,"A_no_medication","A_no_medication"
"339",255,98133,33,"IT",1,"M",119385,"29/12/2017",14,7,2,"A_no_medication","A_no_medication"
"340",256,98523,29,"ES",0,"M",119664,"30/04/2018",29,1,12,"C_comedication","A_no_medication"
"341",257,98565,52,"AT",1,"F",120796,"12/01/2020",2,3,0,"A_no_medication","A_no_medication"
"342",257,98565,52,"AT",1,"F",120084,"15/12/2017",1,3,2,"B_single_medication","A_no_medication"
"343",258,98679,22,"LT",1,"M",120951,"01/03/2018",9,0,4,"A_no_medication","A_no_medication"
"344",259,98931,23,"ES",0,"M",121161,"02/02/2018",0,0,0,"A_no_medication","A_no_medication"
"345",260,98937,62,"GR",0,"M",121429,"20/04/2019",98,19,75,"C_comedication","A_no_medication"
"346",261,99171,55,"MX",0,"M",122057,"27/02/2018",1,3,0,"B_single_medication","A_no_medication"
"347",261,99171,55,"MX",0,"M",122146,"01/06/2018",0,3,0,"B_single_medication","A_no_medication"
"348",261,99171,55,"MX",0,"M",122262,"13/10/2018",0,2,0,"C_comedication","A_no_medication"
"349",262,99723,15,"MX",0,"F",123848,"23/01/2018",9,1,13,"A_no_medication","B_single_medication"
"350",263,99783,17,"MX",0,"M",124047,"26/06/2018",30,43,27,"A_no_medication","A_no_medication"
"351",264,99843,29,"MX",0,"M",124563,"28/07/2018",2,0,0,"A_no_medication","A_no_medication"
"352",265,100065,51,"MX",0,"F",124785,"27/02/2018",21,0,21,"C_comedication","B_single_medication"
"353",266,100317,42,"IT",1,"F",124969,"14/01/2018",7,8,19,"A_no_medication","A_no_medication"
"354",267,100407,22,"IT",0,"M",125463,"12/06/2019",1,0,1,"A_no_medication","B_single_medication"
"355",267,100407,22,"IT",0,"M",125113,"03/04/2018",1,4,0,"A_no_medication","B_single_medication"
"356",268,100545,50,"LT",0,"F",126321,"18/03/2018",3,0,0,"B_single_medication","A_no_medication"
"357",269,100623,44,"IT",0,"F",127466,"14/01/2018",57,1,46,"B_single_medication","B_single_medication"
"358",270,100749,54,"GB",0,"F",127687,"19/01/2018",47,1,0,"A_no_medication","A_no_medication"
"359",271,101283,23,"GR",0,"F",128909,"16/09/2018",0,0,0,"A_no_medication","A_no_medication"
"360",272,101625,61,"AT",0,"M",129814,"24/01/2018",12,1,0,"A_no_medication","A_no_medication"
"361",273,101643,46,"IT",0,"M",129937,"13/05/2018",1,1,1,"B_single_medication","A_no_medication"
"362",274,101667,28,"ES",1,"F",130034,"19/02/2018",42,47,47,"A_no_medication","B_single_medication"
"363",275,101889,70,"AT",0,"F",130495,"24/09/2018",12,17,10,"B_single_medication","A_no_medication"
"364",276,102015,15,"MX",1,"M",131026,"09/08/2018",4,1,1,"B_single_medication","A_no_medication"
"365",277,102495,26,"TR",1,"F",132039,"29/01/2018",82,84,84,"B_single_medication","A_no_medication"
"366",278,102945,71,"FR",1,"M",132574,"12/02/2018",16,3,0,"C_comedication","A_no_medication"
"367",278,102945,71,"FR",1,"M",132579,"19/02/2018",3,0,0,"C_comedication","A_no_medication"
"368",279,103017,32,"IT",1,"F",133189,"10/04/2018",1,8,3,"B_single_medication","A_no_medication"
"369",280,103209,30,"AR",1,"M",133826,"28/11/2018",13,1,1,"A_no_medication","A_no_medication"
"370",280,103209,30,"AR",1,"M",133763,"08/09/2018",0,2,1,"A_no_medication","A_no_medication"
"371",281,103887,31,"BR",0,"M",135911,"05/05/2018",11,3,2,"C_comedication","A_no_medication"
"372",282,103917,45,"MX",1,"M",136157,"20/07/2019",0,4,0,"A_no_medication","A_no_medication"
"373",283,104019,31,"PT",1,"F",136723,"02/04/2018",67,53,4,"A_no_medication","A_no_medication"
"374",283,104019,31,"PT",1,"F",136773,"28/12/2018",60,8,0,"A_no_medication","B_single_medication"
"375",284,104091,21,"IT",1,"M",137289,"01/03/2019",89,26,7,"C_comedication","A_no_medication"
"376",285,104151,48,"DE",0,"F",137427,"13/03/2018",2,3,4,"A_no_medication","B_single_medication"
"377",286,104439,39,"PL",0,"F",137840,"25/04/2018",2,2,6,"A_no_medication","A_no_medication"
"378",287,104583,32,"ES",0,"M",138035,"15/02/2018",20,12,8,"A_no_medication","A_no_medication"
"379",287,104583,32,"ES",0,"M",138065,"28/03/2018",27,36,26,"A_no_medication","A_no_medication"
"380",288,104679,37,"MX",0,"M",139156,"15/06/2018",0,0,2,"A_no_medication","A_no_medication"
"381",289,104943,38,"ES",0,"M",139859,"31/05/2018",24,33,5,"A_no_medication","A_no_medication"
"382",290,105015,24,"MX",0,"F",140719,"02/10/2018",0,0,3,"A_no_medication","A_no_medication"
"383",290,105015,24,"MX",0,"F",140614,"24/03/2018",0,0,1,"A_no_medication","A_no_medication"
"384",290,105015,24,"MX",0,"F",140712,"25/09/2018",0,0,1,"A_no_medication","A_no_medication"
"385",291,105045,13,"IT",1,"M",141084,"15/03/2018",0,3,0,"A_no_medication","A_no_medication"
"386",292,105273,33,"GR",0,"F",142036,"02/04/2018",9,0,5,"B_single_medication","C_comedication"
"387",293,105405,18,"MX",0,"F",142655,"13/10/2018",13,12,12,"B_single_medication","A_no_medication"
"388",294,105519,47,"MX",0,"M",142919,"07/05/2018",22,43,4,"A_no_medication","A_no_medication"
"389",295,105579,27,"MX",0,"F",143238,"03/09/2018",2,0,1,"A_no_medication","A_no_medication"
"390",296,105597,16,"MX",0,"M",143349,"13/05/2018",50,57,62,"B_single_medication","A_no_medication"
"391",297,105669,32,"IT",1,"F",143897,"21/03/2019",3,0,3,"C_comedication","A_no_medication"
"392",298,105723,20,"LT",0,"F",144092,"22/04/2018",0,1,0,"A_no_medication","A_no_medication"
"393",299,105807,27,"PL",0,"F",144337,"16/11/2019",2,0,1,"A_no_medication","B_single_medication"
"394",300,105843,39,"ES",0,"F",144551,"03/10/2018",3,12,7,"A_no_medication","A_no_medication"
"395",300,105843,39,"ES",0,"F",144583,"18/11/2018",68,0,64,"C_comedication","B_single_medication"
"396",300,105843,39,"ES",0,"F",144393,"21/03/2018",24,4,34,"B_single_medication","A_no_medication"
"397",300,105843,39,"ES",0,"F",144561,"18/10/2018",6,11,6,"A_no_medication","A_no_medication"
"398",300,105843,39,"ES",0,"F",144588,"27/11/2018",42,2,35,"A_no_medication","A_no_medication"
"399",301,106209,42,"BR",1,"F",145126,"20/02/2018",12,16,0,"B_single_medication","A_no_medication"
"400",302,106257,27,"MX",1,"M",145283,"12/07/2018",1,0,0,"B_single_medication","A_no_medication"
"401",303,106269,32,"LT",1,"M",145761,"12/05/2018",0,0,0,"B_single_medication","A_no_medication"
"402",304,106311,29,"DE",0,"F",145842,"19/03/2018",24,21,3,"A_no_medication","A_no_medication"
"403",305,107049,57,"FI",1,"M",147210,"19/08/2019",38,28,25,"C_comedication","B_single_medication"
"404",306,107475,66,"ES",1,"M",148024,"24/02/2018",47,0,0,"B_single_medication","A_no_medication"
"405",307,107481,43,"ES",0,"M",148133,"27/02/2018",4,2,2,"A_no_medication","A_no_medication"
"406",308,107631,41,"LT",1,"M",148679,"12/05/2019",0,4,0,"A_no_medication","A_no_medication"
"407",308,107631,41,"LT",1,"M",148595,"11/06/2018",0,4,0,"A_no_medication","A_no_medication"
"408",309,108201,59,"AU",0,"M",149460,"26/02/2018",12,3,0,"A_no_medication","A_no_medication"
"409",310,108387,23,"ES",0,"M",149894,"22/12/2018",12,2,0,"A_no_medication","A_no_medication"
"410",311,108453,30,"ES",1,"M",150094,"10/06/2018",26,2,2,"A_no_medication","A_no_medication"
"411",312,108561,49,"IT",1,"F",150171,"01/05/2018",54,54,66,"C_comedication","A_no_medication"
"412",313,108681,17,"NL",0,"F",150251,"06/05/2018",0,11,7,"B_single_medication","C_comedication"
"413",314,108735,46,"LT",0,"F",150309,"11/03/2018",2,1,0,"A_no_medication","A_no_medication"
"414",314,108735,46,"LT",0,"F",150484,"28/09/2020",2,2,2,"A_no_medication","A_no_medication"
"415",315,109065,28,"SE",1,"F",152073,"16/05/2018",15,41,37,"B_single_medication","C_comedication"
"416",316,109155,29,"LT",0,"M",152151,"07/03/2018",3,1,1,"A_no_medication","A_no_medication"
"417",317,109251,34,"GR",0,"M",152295,"18/03/2018",3,4,0,"C_comedication","C_comedication"
"418",318,109353,30,"ES",1,"F",152447,"07/04/2018",79,76,0,"B_single_medication","A_no_medication"
"419",319,109923,33,"PT",0,"F",153054,"03/06/2018",0,0,37,"B_single_medication","B_single_medication"
"420",320,109929,32,"PT",0,"F",153308,"19/08/2018",8,3,1,"A_no_medication","A_no_medication"
"421",320,109929,32,"PT",0,"F",153148,"12/03/2018",9,2,4,"B_single_medication","A_no_medication"
"422",321,110289,77,"PT",1,"F",153752,"12/04/2018",3,3,4,"A_no_medication","A_no_medication"
"423",322,110535,43,"PT",0,"M",154266,"08/01/2019",12,6,6,"B_single_medication","A_no_medication"
"424",322,110535,43,"PT",0,"M",154104,"04/07/2018",9,6,1,"A_no_medication","A_no_medication"
"425",323,110667,22,"GR",1,"F",154590,"03/09/2018",13,1,18,"B_single_medication","C_comedication"
"426",324,110871,31,"TR",0,"F",155171,"01/06/2018",4,4,5,"A_no_medication","A_no_medication"
"427",325,112749,34,"IT",0,"M",157328,"24/04/2018",39,30,1,"A_no_medication","A_no_medication"
"428",326,113337,63,"NL",1,"M",157873,"01/05/2018",3,4,0,"C_comedication","A_no_medication"
"429",327,113673,30,"GR",0,"F",158325,"22/04/2018",8,4,3,"B_single_medication","A_no_medication"
"430",327,113673,30,"GR",0,"F",158319,"16/04/2018",5,4,3,"B_single_medication","A_no_medication"
"431",328,113733,47,"IT",1,"M",158386,"08/04/2018",43,57,68,"B_single_medication","A_no_medication"
"432",329,113739,36,"ES",0,"M",158441,"27/03/2018",31,0,0,"A_no_medication","A_no_medication"
"433",330,113823,51,"LT",0,"F",158759,"15/05/2018",12,1,0,"A_no_medication","A_no_medication"
"434",331,113847,18,"CH",0,"M",158786,"25/03/2018",84,19,0,"A_no_medication","A_no_medication"
"435",332,114573,82,"MX",1,"F",159590,"24/04/2018",14,0,10,"A_no_medication","A_no_medication"
"436",333,114963,36,"PL",0,"F",159783,"16/04/2018",7,1,3,"B_single_medication","A_no_medication"
"437",334,115257,55,"MX",1,"M",160327,"15/05/2018",2,2,0,"A_no_medication","A_no_medication"
"438",335,115335,34,"DE",0,"M",160473,"24/05/2018",5,0,0,"B_single_medication","A_no_medication"
"439",336,115725,66,"ES",0,"M",160938,"03/06/2018",61,6,36,"A_no_medication","A_no_medication"
"440",337,115965,22,"PL",1,"M",161568,"29/04/2018",97,41,64,"C_comedication","A_no_medication"
"441",338,116097,40,"CH",0,"F",161990,"08/04/2018",61,17,69,"A_no_medication","A_no_medication"
"442",338,116097,40,"CH",0,"F",161984,"01/04/2018",22,31,17,"A_no_medication","A_no_medication"
"443",339,116259,23,"DE",0,"F",162186,"28/06/2018",55,0,14,"B_single_medication","B_single_medication"
"444",340,116391,49,"IT",0,"F",162307,"06/05/2018",0,0,2,"A_no_medication","A_no_medication"
"445",341,116859,71,"PL",1,"M",162642,"01/05/2018",1,1,1,"A_no_medication","A_no_medication"
"446",342,117633,36,"LT",1,"M",163805,"04/07/2018",5,4,0,"A_no_medication","A_no_medication"
"447",343,117759,46,"NL",1,"M",163889,"01/05/2018",7,9,7,"A_no_medication","A_no_medication"
"448",344,117819,60,"NL",1,"M",163947,"29/04/2018",49,9,0,"B_single_medication","A_no_medication"
"449",345,117855,26,"MX",1,"M",164003,"21/04/2018",35,27,0,"A_no_medication","A_no_medication"
"450",346,118275,45,"LT",0,"F",164789,"29/06/2018",1,1,2,"B_single_medication","A_no_medication"
"451",347,118437,49,"ES",0,"M",165665,"02/03/2020",14,12,38,"C_comedication","B_single_medication"
"452",347,118437,49,"ES",0,"M",165413,"02/09/2018",5,1,3,"A_no_medication","A_no_medication"
"453",348,118497,28,"CZ",0,"F",165881,"09/04/2018",42,1,3,"A_no_medication","A_no_medication"
"454",349,119157,66,"CH",1,"F",166524,"02/05/2018",9,8,2,"B_single_medication","A_no_medication"
"455",350,119403,32,"CH",1,"F",166879,"14/04/2018",34,37,3,"C_comedication","A_no_medication"
"456",351,119883,24,"AT",0,"F",167323,"10/04/2018",96,59,100,"C_comedication","A_no_medication"
"457",352,121833,16,"NL",0,"F",168645,"17/05/2018",45,64,6,"A_no_medication","A_no_medication"
"458",353,121857,30,"IT",0,"M",169108,"22/06/2019",14,2,1,"C_comedication","A_no_medication"
"459",354,122289,25,"ES",0,"M",169335,"15/04/2018",0,2,0,"A_no_medication","A_no_medication"
"460",355,122925,54,"NL",0,"F",169759,"16/04/2018",90,83,88,"A_no_medication","A_no_medication"
"461",356,123075,27,"NL",0,"F",170093,"15/04/2018",59,61,0,"C_comedication","A_no_medication"
"462",357,123921,27,"BR",1,"M",170608,"14/04/2018",96,69,2,"A_no_medication","A_no_medication"
"463",358,124053,43,"FR",1,"M",170713,"05/06/2018",2,3,4,"A_no_medication","A_no_medication"
"464",358,124053,43,"FR",1,"M",170843,"16/10/2018",0,2,2,"A_no_medication","A_no_medication"
"465",358,124053,43,"FR",1,"M",170865,"08/11/2018",2,0,2,"A_no_medication","A_no_medication"
"466",358,124053,43,"FR",1,"M",170795,"29/08/2018",0,0,0,"A_no_medication","A_no_medication"
"467",359,124209,23,"PL",0,"M",171080,"05/07/2018",21,26,53,"B_single_medication","B_single_medication"
"468",360,124677,22,"DE",0,"F",171328,"20/04/2018",20,29,5,"A_no_medication","A_no_medication"
"469",361,124959,26,"DE",0,"M",171457,"15/04/2018",30,34,0,"A_no_medication","A_no_medication"
"470",362,126075,44,"CH",0,"M",172263,"15/04/2019",51,23,81,"B_single_medication","A_no_medication"
"471",363,126099,26,"FR",0,"F",172274,"25/04/2018",41,23,2,"C_comedication","A_no_medication"
"472",364,126237,32,"NL",0,"F",172570,"07/08/2018",19,33,25,"A_no_medication","A_no_medication"
"473",364,126237,32,"NL",0,"F",172495,"16/05/2018",84,67,70,"A_no_medication","A_no_medication"
"474",364,126237,32,"NL",0,"F",172702,"05/01/2019",2,0,11,"A_no_medication","A_no_medication"
"475",364,126237,32,"NL",0,"F",172541,"07/07/2018",40,59,67,"A_no_medication","A_no_medication"
"476",365,126621,29,"NL",0,"M",173285,"23/04/2018",24,6,3,"A_no_medication","A_no_medication"
"477",366,127017,39,"NL",0,"F",173601,"19/04/2018",70,11,4,"C_comedication","A_no_medication"
"478",367,128445,23,"ES",0,"F",174686,"03/05/2018",13,2,0,"B_single_medication","A_no_medication"
"479",368,129327,37,"CZ",1,"F",175427,"24/07/2018",31,33,0,"C_comedication","A_no_medication"
"480",369,129621,32,"NL",1,"F",175927,"29/07/2018",0,0,0,"A_no_medication","A_no_medication"
"481",370,129957,42,"GB",1,"F",176391,"11/05/2018",8,2,0,"A_no_medication","A_no_medication"
"482",371,130197,53,"CH",0,"M",176831,"08/06/2018",16,0,2,"B_single_medication","A_no_medication"
"483",371,130197,53,"CH",0,"M",176992,"20/03/2019",0,4,0,"A_no_medication","A_no_medication"
"484",372,130401,42,"AU",0,"F",177101,"28/04/2018",18,53,6,"C_comedication","A_no_medication"
"485",373,131145,24,"DE",1,"F",177667,"08/06/2018",3,19,0,"B_single_medication","A_no_medication"
"486",374,131679,40,"ES",1,"M",178521,"04/01/2019",28,30,1,"A_no_medication","A_no_medication"
"487",375,131937,31,"ES",1,"F",178809,"04/06/2018",15,42,0,"C_comedication","A_no_medication"
"488",376,132003,21,"DE",0,"F",178842,"03/11/2018",31,23,25,"A_no_medication","B_single_medication"
"489",377,132237,36,"BE",1,"F",179103,"11/06/2018",18,19,4,"C_comedication","C_comedication"
"490",378,132453,19,"NL",0,"M",179399,"13/06/2018",18,9,14,"B_single_medication","A_no_medication"
"491",379,132555,47,"IT",0,"M",179665,"28/08/2018",27,27,29,"A_no_medication","A_no_medication"
"492",379,132555,47,"IT",0,"M",179670,"23/10/2018",33,51,19,"A_no_medication","A_no_medication"
"493",380,132777,27,"MX",1,"M",179885,"02/09/2018",9,19,14,"A_no_medication","B_single_medication"
"494",381,133791,36,"IT",0,"F",180631,"27/05/2018",45,46,48,"B_single_medication","B_single_medication"
"495",382,134265,31,"PL",0,"M",181232,"06/06/2020",47,44,0,"B_single_medication","A_no_medication"
"496",383,136389,35,"CZ",0,"M",182768,"05/07/2018",0,3,9,"C_comedication","C_comedication"
"497",384,136563,61,"CH",1,"M",183070,"12/06/2018",8,19,31,"A_no_medication","A_no_medication"
"498",385,136713,65,"MX",1,"M",183273,"26/05/2018",5,5,2,"A_no_medication","A_no_medication"
"499",386,136821,57,"MX",1,"F",183361,"15/06/2018",12,0,0,"B_single_medication","A_no_medication"
"500",386,136821,57,"MX",1,"F",183422,"24/08/2018",9,4,5,"B_single_medication","B_single_medication"
"501",387,136893,37,"NL",0,"F",183826,"28/05/2018",15,13,3,"B_single_medication","A_no_medication"
"502",388,137223,33,"LT",0,"M",184366,"14/03/2021",0,0,0,"B_single_medication","A_no_medication"
"503",389,138015,19,"BE",1,"F",186744,"21/06/2018",4,11,12,"B_single_medication","A_no_medication"
"504",390,138255,46,"BR",0,"F",187151,"23/11/2018",13,8,19,"A_no_medication","A_no_medication"
"505",391,138333,47,"LT",1,"M",187253,"10/06/2020",89,76,9,"A_no_medication","A_no_medication"
"506",392,138423,27,"LT",1,"F",187664,"27/07/2020",0,3,10,"A_no_medication","B_single_medication"
"507",393,138483,44,"IT",0,"M",187752,"29/06/2018",11,13,11,"A_no_medication","A_no_medication"
"508",394,138831,58,"IT",0,"F",188305,"05/11/2018",13,17,34,"A_no_medication","A_no_medication"
"509",395,139419,27,"GB",1,"F",188934,"17/07/2018",0,3,0,"A_no_medication","A_no_medication"
"510",395,139419,27,"GB",1,"F",188998,"20/09/2018",0,0,45,"A_no_medication","A_no_medication"
"511",396,139437,45,"LT",1,"F",189249,"19/02/2019",0,3,0,"A_no_medication","B_single_medication"
"512",397,140205,14,"LT",0,"F",190455,"16/06/2020",20,29,4,"C_comedication","A_no_medication"
"513",398,141123,24,"MX",0,"F",192738,"15/07/2018",27,18,2,"A_no_medication","A_no_medication"
"514",399,141813,16,"FR",1,"F",193551,"10/07/2018",5,9,10,"B_single_medication","B_single_medication"
"515",400,141981,29,"GB",0,"M",193651,"17/07/2018",1,0,10,"B_single_medication","B_single_medication"
"516",401,142431,51,"MX",0,"M",194759,"16/08/2018",93,93,58,"A_no_medication","A_no_medication"
"517",401,142431,51,"MX",0,"M",194760,"17/08/2018",88,82,58,"A_no_medication","A_no_medication"
"518",402,142575,49,"ES",1,"F",195831,"04/11/2020",7,3,3,"B_single_medication","A_no_medication"
"519",402,142575,49,"ES",1,"F",195434,"29/09/2019",5,1,2,"B_single_medication","A_no_medication"
"520",402,142575,49,"ES",1,"F",195571,"17/02/2020",2,7,8,"B_single_medication","A_no_medication"
"521",403,142881,44,"MX",0,"F",196716,"29/01/2019",26,5,0,"A_no_medication","A_no_medication"
"522",403,142881,44,"MX",0,"F",196787,"17/04/2019",29,4,2,"A_no_medication","A_no_medication"
"523",403,142881,44,"MX",0,"F",196924,"28/09/2019",14,0,3,"A_no_medication","A_no_medication"
"524",404,143103,14,"DE",0,"M",197178,"13/08/2018",15,12,10,"A_no_medication","A_no_medication"
"525",405,143457,34,"PL",0,"M",197963,"02/12/2018",78,57,55,"B_single_medication","A_no_medication"
"526",406,143709,21,"FR",1,"M",198450,"24/09/2018",3,4,23,"C_comedication","C_comedication"
"527",407,144447,29,"MX",0,"F",198865,"25/02/2019",1,3,0,"A_no_medication","A_no_medication"
"528",408,144807,43,"ES",0,"F",199317,"21/09/2018",12,10,15,"A_no_medication","A_no_medication"
"529",408,144807,43,"ES",0,"F",199290,"20/08/2018",63,12,12,"B_single_medication","A_no_medication"
"530",409,144819,27,"LT",1,"M",200021,"01/05/2021",20,9,9,"B_single_medication","A_no_medication"
"531",410,145251,46,"ES",0,"F",200629,"26/09/2020",1,2,2,"A_no_medication","C_comedication"
"532",411,145353,25,"ES",0,"F",201720,"18/04/2021",29,9,3,"B_single_medication","A_no_medication"
"533",411,145353,25,"ES",0,"F",201737,"05/05/2021",18,0,3,"B_single_medication","A_no_medication"
"534",411,145353,25,"ES",0,"F",201549,"29/09/2020",20,5,4,"C_comedication","A_no_medication"
"535",412,145677,52,"ES",1,"M",202693,"20/08/2018",68,75,64,"B_single_medication","B_single_medication"
"536",413,145713,51,"MX",1,"F",202811,"22/08/2018",62,7,10,"B_single_medication","A_no_medication"
"537",414,145785,32,"MX",0,"F",203346,"28/08/2018",29,15,2,"B_single_medication","A_no_medication"
"538",415,145791,19,"MX",0,"F",203510,"31/12/2018",14,6,6,"A_no_medication","A_no_medication"
"539",416,145815,34,"MX",1,"M",203703,"22/10/2018",0,3,4,"A_no_medication","A_no_medication"
"540",417,145845,37,"MX",1,"M",203894,"11/11/2018",18,19,0,"A_no_medication","A_no_medication"
"541",418,146079,25,"MX",0,"M",205398,"10/09/2018",42,10,3,"A_no_medication","A_no_medication"
"542",419,146187,20,"MX",1,"M",205966,"19/10/2018",3,1,0,"A_no_medication","A_no_medication"
"543",420,146253,62,"ES",1,"M",206405,"10/12/2019",2,3,3,"A_no_medication","A_no_medication"
"544",420,146253,62,"ES",1,"M",206970,"25/09/2021",30,22,25,"A_no_medication","A_no_medication"
"545",421,146361,37,"MX",0,"F",207148,"30/08/2018",41,4,0,"B_single_medication","A_no_medication"
"546",421,146361,37,"MX",0,"F",207175,"26/09/2018",6,0,0,"A_no_medication","A_no_medication"
"547",422,146457,53,"IT",1,"M",207474,"23/04/2019",13,4,0,"B_single_medication","A_no_medication"
"548",423,147309,54,"GR",0,"F",208392,"19/11/2018",0,4,0,"A_no_medication","A_no_medication"
"549",424,147555,33,"ES",1,"F",208509,"02/04/2019",2,2,5,"B_single_medication","B_single_medication"
"550",425,147609,23,"LT",0,"F",208548,"28/05/2020",10,9,12,"B_single_medication","B_single_medication"
"551",426,147699,54,"MX",0,"F",208792,"08/11/2018",35,30,0,"A_no_medication","A_no_medication"
"552",427,147831,26,"PL",0,"F",208868,"15/09/2018",10,1,3,"B_single_medication","B_single_medication"
"553",427,147831,26,"PL",0,"F",208870,"02/10/2018",1,0,1,"A_no_medication","A_no_medication"
"554",428,147963,26,"MX",0,"F",208920,"03/10/2018",11,9,0,"C_comedication","A_no_medication"
"555",429,148545,29,"GR",0,"M",209335,"26/02/2019",45,16,0,"A_no_medication","A_no_medication"
"556",430,149535,35,"LT",0,"M",210474,"26/12/2018",30,0,2,"B_single_medication","A_no_medication"
"557",431,149889,28,"DE",1,"F",210873,"05/12/2018",3,0,0,"A_no_medication","A_no_medication"
"558",432,150345,43,"MX",1,"F",211872,"28/12/2018",29,0,3,"A_no_medication","A_no_medication"
"559",432,150345,43,"MX",1,"F",211930,"13/03/2019",45,0,0,"A_no_medication","A_no_medication"
"560",432,150345,43,"MX",1,"F",211815,"27/10/2018",17,0,0,"A_no_medication","A_no_medication"
"561",432,150345,43,"MX",1,"F",211849,"01/12/2018",26,0,0,"A_no_medication","A_no_medication"
"562",433,150501,42,"IT",0,"F",212037,"02/11/2018",0,0,0,"A_no_medication","A_no_medication"
"563",434,151017,33,"BR",0,"M",212534,"07/01/2019",99,83,5,"B_single_medication","A_no_medication"
"564",435,151029,48,"ES",0,"M",212641,"14/02/2019",0,33,0,"B_single_medication","B_single_medication"
"565",436,151599,42,"MX",1,"F",213528,"26/02/2019",3,6,11,"C_comedication","A_no_medication"
"566",436,151599,42,"MX",1,"F",213563,"03/05/2019",11,42,8,"C_comedication","A_no_medication"
"567",437,151929,38,"AU",0,"F",213931,"07/11/2018",70,100,53,"C_comedication","A_no_medication"
"568",438,152085,29,"MX",0,"M",214029,"22/11/2018",32,9,7,"A_no_medication","A_no_medication"
"569",439,152193,44,"MX",0,"F",214327,"01/07/2019",12,16,13,"C_comedication","B_single_medication"
"570",440,152337,48,"ES",0,"M",214473,"18/01/2019",65,0,21,"A_no_medication","A_no_medication"
"571",441,152439,59,"GR",0,"M",214708,"07/02/2019",0,6,5,"A_no_medication","A_no_medication"
"572",442,152775,31,"PT",0,"M",215091,"06/01/2019",57,54,60,"B_single_medication","C_comedication"
"573",443,153477,28,"IT",1,"F",215651,"03/01/2019",54,46,0,"B_single_medication","A_no_medication"
"574",444,154251,25,"FR",0,"F",217119,"11/04/2020",12,8,2,"B_single_medication","A_no_medication"
"575",445,154407,41,"ES",0,"F",217355,"29/03/2019",6,0,0,"B_single_medication","A_no_medication"
"576",445,154407,41,"ES",0,"F",217448,"06/07/2019",3,2,6,"B_single_medication","A_no_medication"
"577",446,154611,57,"ES",1,"M",217663,"10/01/2019",19,12,30,"C_comedication","C_comedication"
"578",447,154647,48,"IT",0,"F",217796,"25/01/2019",12,1,5,"B_single_medication","A_no_medication"
"579",448,155025,27,"LT",1,"F",218405,"03/01/2021",2,0,3,"A_no_medication","A_no_medication"
"580",448,155025,27,"LT",1,"F",218392,"04/03/2020",10,0,0,"A_no_medication","A_no_medication"
"581",449,155079,28,"TR",0,"F",218489,"19/12/2018",21,0,11,"A_no_medication","C_comedication"
"582",450,155169,42,"MX",0,"M",218584,"24/12/2018",7,0,0,"A_no_medication","A_no_medication"
"583",451,155217,67,"LT",1,"F",218911,"23/07/2020",26,0,27,"B_single_medication","A_no_medication"
"584",451,155217,67,"LT",1,"F",218903,"26/06/2020",40,0,0,"B_single_medication","A_no_medication"
"585",451,155217,67,"LT",1,"F",218990,"11/03/2021",16,2,3,"B_single_medication","A_no_medication"
"586",452,155697,66,"FR",0,"F",219575,"08/05/2019",0,1,0,"B_single_medication","A_no_medication"
"587",453,155751,40,"DE",0,"M",220512,"07/09/2021",16,0,0,"A_no_medication","A_no_medication"
"588",453,155751,40,"DE",0,"M",220092,"20/06/2020",14,3,0,"A_no_medication","A_no_medication"
"589",453,155751,40,"DE",0,"M",220271,"28/12/2020",19,1,0,"B_single_medication","A_no_medication"
"590",454,155919,42,"MX",1,"M",221424,"26/08/2021",9,14,9,"A_no_medication","B_single_medication"
"591",454,155919,42,"MX",1,"M",221153,"25/10/2020",9,9,4,"A_no_medication","B_single_medication"
"592",455,156105,23,"MX",1,"M",221930,"18/07/2020",12,0,0,"A_no_medication","A_no_medication"
"593",455,156105,23,"MX",1,"M",221715,"17/02/2019",20,4,1,"A_no_medication","A_no_medication"
"594",456,156135,70,"DE",1,"F",222126,"22/02/2019",29,1,1,"A_no_medication","A_no_medication"
"595",457,156207,34,"MX",1,"F",222298,"20/02/2019",1,0,0,"A_no_medication","A_no_medication"
"596",458,156339,15,"MX",0,"M",222622,"10/02/2019",36,22,0,"A_no_medication","A_no_medication"
"597",459,156549,47,"MX",0,"F",223351,"23/12/2018",90,0,90,"A_no_medication","A_no_medication"
"598",460,156729,17,"MX",0,"M",223767,"17/03/2019",0,0,0,"C_comedication","A_no_medication"
"599",461,156939,46,"IT",0,"M",224102,"21/02/2019",0,0,0,"A_no_medication","A_no_medication"
"600",461,156939,46,"IT",0,"M",224126,"27/03/2019",16,19,2,"A_no_medication","A_no_medication"
"601",461,156939,46,"IT",0,"M",224093,"05/02/2019",2,8,0,"A_no_medication","A_no_medication"
"602",462,156969,43,"MX",0,"M",224322,"06/03/2019",24,11,0,"A_no_medication","A_no_medication"
"603",463,157233,54,"CH",0,"M",224915,"05/04/2019",24,0,2,"A_no_medication","A_no_medication"
"604",464,157611,28,"LT",0,"F",225372,"12/08/2019",22,14,0,"A_no_medication","A_no_medication"
"605",465,158841,39,"GR",0,"M",227222,"15/01/2020",51,96,51,"C_comedication","C_comedication"
"606",466,158955,58,"MX",0,"M",227388,"18/04/2019",16,0,0,"A_no_medication","A_no_medication"
"607",467,159639,57,"TR",1,"M",228361,"11/03/2019",2,0,2,"C_comedication","A_no_medication"
"608",468,159759,19,"IT",0,"M",228501,"22/04/2019",11,7,11,"C_comedication","A_no_medication"
"609",469,160047,18,"LT",0,"M",228964,"19/05/2019",10,5,22,"B_single_medication","B_single_medication"
"610",469,160047,18,"LT",0,"M",229325,"12/07/2020",17,4,7,"A_no_medication","A_no_medication"
"611",470,160149,37,"ES",0,"M",230053,"30/05/2020",4,3,8,"A_no_medication","A_no_medication"
"612",470,160149,37,"ES",0,"M",229728,"07/05/2019",3,8,0,"C_comedication","A_no_medication"
"613",470,160149,37,"ES",0,"M",230169,"08/11/2020",11,10,10,"B_single_medication","A_no_medication"
"614",471,160383,36,"MX",0,"F",230599,"11/07/2019",8,6,0,"B_single_medication","A_no_medication"
"615",472,160449,41,"PL",0,"F",230689,"04/04/2019",0,0,2,"B_single_medication","B_single_medication"
"616",473,160461,58,"IT",0,"F",230757,"20/04/2019",19,5,11,"B_single_medication","A_no_medication"
"617",474,160749,56,"GR",0,"M",230979,"30/01/2019",46,15,13,"A_no_medication","A_no_medication"
"618",475,160929,43,"LT",0,"M",231392,"03/03/2020",27,25,0,"A_no_medication","A_no_medication"
"619",475,160929,43,"LT",0,"M",231234,"27/04/2019",16,20,0,"A_no_medication","A_no_medication"
"620",476,160983,29,"MX",0,"F",232134,"11/09/2019",0,3,0,"A_no_medication","A_no_medication"
"621",477,161025,32,"MX",1,"F",232490,"14/08/2019",17,7,15,"C_comedication","B_single_medication"
"622",477,161025,32,"MX",1,"F",232654,"25/03/2020",17,2,16,"C_comedication","A_no_medication"
"623",477,161025,32,"MX",1,"F",232736,"07/07/2020",17,0,16,"C_comedication","A_no_medication"
"624",478,161367,25,"PT",0,"F",233386,"07/05/2019",31,37,3,"A_no_medication","A_no_medication"
"625",478,161367,25,"PT",0,"F",233444,"11/07/2019",35,32,3,"A_no_medication","A_no_medication"
"626",479,161817,20,"DE",0,"M",233972,"06/05/2019",26,3,0,"A_no_medication","A_no_medication"
"627",480,162003,55,"NL",1,"F",234407,"27/04/2019",43,39,34,"C_comedication","C_comedication"
"628",480,162003,55,"NL",1,"F",234432,"05/06/2019",30,17,44,"C_comedication","C_comedication"
"629",480,162003,55,"NL",1,"F",234511,"28/09/2019",21,71,14,"C_comedication","C_comedication"
"630",481,163227,37,"NL",0,"F",235414,"18/02/2021",15,7,4,"B_single_medication","A_no_medication"
"631",482,164103,58,"ES",1,"M",236902,"15/03/2019",6,3,0,"A_no_medication","B_single_medication"
"632",483,164625,30,"MX",1,"F",237592,"05/09/2019",0,4,2,"B_single_medication","A_no_medication"
"633",484,164631,31,"MX",1,"F",237802,"27/02/2019",9,0,16,"A_no_medication","A_no_medication"
"634",485,164709,42,"GB",0,"F",237985,"21/07/2019",0,3,0,"B_single_medication","A_no_medication"
"635",486,165057,28,"IT",0,"M",238483,"25/02/2019",67,61,87,"A_no_medication","C_comedication"
"636",487,165873,24,"CH",1,"F",239592,"08/02/2021",10,28,0,"C_comedication","A_no_medication"
"637",487,165873,24,"CH",1,"F",239207,"10/04/2019",3,28,0,"C_comedication","A_no_medication"
"638",488,166035,47,"MX",1,"F",240258,"01/03/2019",29,0,1,"A_no_medication","A_no_medication"
"639",489,166053,28,"MX",0,"M",240298,"07/03/2019",21,7,4,"C_comedication","A_no_medication"
"640",490,166233,45,"DE",0,"F",240584,"06/05/2019",9,1,4,"C_comedication","A_no_medication"
"641",491,166305,14,"IT",0,"F",240723,"09/06/2019",13,4,15,"C_comedication","A_no_medication"
"642",492,166395,42,"MX",1,"F",241110,"01/11/2019",0,0,2,"A_no_medication","A_no_medication"
"643",493,166785,20,"MX",0,"F",242266,"21/05/2020",49,54,60,"A_no_medication","A_no_medication"
"644",493,166785,20,"MX",0,"F",242224,"08/04/2020",47,44,48,"A_no_medication","A_no_medication"
"645",494,167763,51,"BR",0,"M",243351,"18/04/2019",100,100,100,"A_no_medication","A_no_medication"
"646",495,167973,33,"BR",0,"M",244029,"11/07/2021",9,20,15,"A_no_medication","A_no_medication"
"647",495,167973,33,"BR",0,"M",243652,"24/12/2019",5,0,9,"A_no_medication","A_no_medication"
"648",495,167973,33,"BR",0,"M",243953,"10/02/2021",9,10,5,"A_no_medication","A_no_medication"
"649",496,168171,44,"AT",0,"F",244497,"12/04/2019",27,30,0,"A_no_medication","A_no_medication"
"650",497,168219,25,"AT",0,"F",244698,"29/09/2019",0,0,1,"A_no_medication","A_no_medication"
"651",498,168495,53,"TR",0,"M",244917,"14/04/2019",58,43,1,"B_single_medication","A_no_medication"
"652",499,168591,26,"LT",1,"M",245026,"22/05/2020",0,0,2,"B_single_medication","A_no_medication"
"653",500,169125,56,"BE",1,"M",245811,"18/08/2019",27,4,3,"A_no_medication","A_no_medication"
"654",501,169131,34,"FR",0,"M",245865,"08/06/2019",11,3,3,"A_no_medication","A_no_medication"
"655",502,169149,23,"DE",1,"M",246432,"10/02/2021",2,0,4,"A_no_medication","C_comedication"
"656",502,169149,23,"DE",1,"M",246140,"04/01/2020",8,15,9,"A_no_medication","C_comedication"
"657",503,169521,27,"FR",1,"F",247176,"19/03/2019",98,99,43,"A_no_medication","A_no_medication"
"658",504,170415,15,"MX",0,"F",248492,"24/03/2019",46,52,0,"A_no_medication","A_no_medication"
"659",505,171063,30,"MX",1,"F",249810,"15/02/2021",6,5,0,"A_no_medication","A_no_medication"
"660",505,171063,30,"MX",1,"F",249170,"08/04/2019",0,3,0,"A_no_medication","A_no_medication"
"661",506,171159,82,"NL",1,"F",249879,"01/04/2019",6,31,3,"B_single_medication","A_no_medication"
"662",507,171201,26,"FR",1,"F",250040,"29/03/2019",98,26,6,"B_single_medication","B_single_medication"
"663",508,171237,63,"IT",0,"F",250070,"19/04/2019",0,0,3,"A_no_medication","B_single_medication"
"664",509,171405,48,"DE",0,"F",250406,"12/06/2019",31,8,8,"A_no_medication","A_no_medication"
"665",510,171825,83,"GB",0,"F",251014,"14/09/2021",40,24,27,"A_no_medication","A_no_medication"
"666",511,172239,35,"CH",0,"M",251790,"17/05/2019",21,62,0,"C_comedication","A_no_medication"
"667",512,172605,73,"PL",0,"M",252545,"11/04/2020",60,7,6,"B_single_medication","A_no_medication"
"668",513,172755,41,"DE",1,"M",252935,"23/09/2019",19,1,0,"A_no_medication","A_no_medication"
"669",513,172755,41,"DE",1,"M",252906,"17/08/2019",15,2,1,"A_no_medication","A_no_medication"
"670",514,173025,62,"LT",1,"M",253336,"30/04/2019",0,0,0,"A_no_medication","A_no_medication"
"671",514,173025,62,"LT",1,"M",253368,"03/06/2019",1,0,6,"A_no_medication","A_no_medication"
"672",515,173523,44,"DE",0,"F",253982,"15/05/2020",49,2,9,"C_comedication","B_single_medication"
"673",515,173523,44,"DE",0,"F",254058,"02/08/2020",7,24,4,"B_single_medication","B_single_medication"
"674",516,173589,39,"MX",0,"M",254093,"22/04/2019",0,2,4,"B_single_medication","A_no_medication"
"675",517,174207,16,"MX",0,"F",254754,"12/06/2019",4,12,7,"C_comedication","B_single_medication"
"676",518,174405,41,"GR",1,"F",254982,"12/05/2019",0,8,1,"C_comedication","A_no_medication"
"677",519,175047,21,"LT",0,"M",256140,"25/01/2021",32,6,10,"A_no_medication","B_single_medication"
"678",519,175047,21,"LT",0,"M",255864,"17/04/2020",13,21,17,"B_single_medication","B_single_medication"
"679",519,175047,21,"LT",0,"M",256362,"27/09/2021",8,31,14,"A_no_medication","B_single_medication"
"680",519,175047,21,"LT",0,"M",256189,"15/03/2021",17,21,16,"B_single_medication","B_single_medication"
"681",519,175047,21,"LT",0,"M",255958,"23/07/2020",20,10,31,"A_no_medication","B_single_medication"
"682",520,175101,19,"AR",0,"M",256490,"14/05/2021",12,18,9,"A_no_medication","A_no_medication"
"683",521,175209,34,"PT",0,"F",256654,"28/04/2019",24,23,18,"B_single_medication","A_no_medication"
"684",522,175347,45,"LT",1,"M",256724,"08/05/2019",3,6,7,"A_no_medication","A_no_medication"
"685",523,175425,34,"MX",1,"F",257176,"05/08/2019",17,0,2,"A_no_medication","A_no_medication"
"686",524,176061,58,"LT",0,"M",258275,"05/09/2021",25,29,0,"B_single_medication","A_no_medication"
"687",524,176061,58,"LT",0,"M",258156,"21/02/2020",45,17,1,"B_single_medication","A_no_medication"
"688",524,176061,58,"LT",0,"M",258219,"04/12/2020",17,14,0,"B_single_medication","A_no_medication"
"689",525,176457,35,"MX",0,"M",258831,"07/05/2019",20,23,33,"A_no_medication","A_no_medication"
"690",526,176631,29,"PT",1,"F",259134,"06/06/2019",22,0,0,"A_no_medication","A_no_medication"
"691",527,176985,57,"PL",0,"M",259584,"10/05/2019",15,9,11,"B_single_medication","A_no_medication"
"692",528,177531,37,"PL",0,"M",260182,"30/05/2020",11,14,12,"C_comedication","B_single_medication"
"693",529,177927,26,"PL",0,"M",260717,"23/07/2019",1,2,4,"A_no_medication","A_no_medication"
"694",530,178089,29,"PL",0,"M",261152,"25/10/2019",14,20,19,"C_comedication","A_no_medication"
"695",530,178089,29,"PL",0,"M",261142,"15/10/2019",19,18,16,"A_no_medication","A_no_medication"
"696",531,178101,45,"PL",0,"F",261359,"06/03/2020",0,3,1,"B_single_medication","B_single_medication"
"697",532,178617,24,"AR",0,"M",262434,"13/06/2019",80,65,4,"B_single_medication","A_no_medication"
"698",533,178857,26,"LT",1,"M",262738,"24/01/2021",23,3,15,"A_no_medication","B_single_medication"
"699",534,178887,41,"LT",0,"F",262993,"07/07/2019",18,2,10,"B_single_medication","A_no_medication"
"700",535,179079,15,"MX",1,"F",263369,"01/01/2021",11,5,0,"B_single_medication","A_no_medication"
"701",536,179103,53,"PL",1,"M",263773,"08/09/2021",17,11,2,"B_single_medication","A_no_medication"
"702",536,179103,53,"PL",1,"M",263696,"20/06/2021",29,33,0,"B_single_medication","A_no_medication"
"703",536,179103,53,"PL",1,"M",263805,"14/10/2021",15,10,0,"B_single_medication","A_no_medication"
"704",537,179271,24,"GB",0,"F",264240,"24/06/2020",12,45,0,"B_single_medication","A_no_medication"
"705",538,179319,19,"PL",0,"F",264646,"01/08/2019",1,1,5,"C_comedication","A_no_medication"
"706",539,179877,62,"AU",1,"F",265272,"21/03/2020",7,2,0,"B_single_medication","A_no_medication"
"707",540,180057,32,"PL",1,"M",266047,"08/06/2019",15,4,0,"B_single_medication","B_single_medication"
"708",541,180183,30,"IT",0,"F",266512,"14/07/2019",46,52,21,"C_comedication","A_no_medication"
"709",542,180375,47,"PL",1,"M",266962,"23/09/2019",13,19,3,"A_no_medication","A_no_medication"
"710",542,180375,47,"PL",1,"M",266883,"19/06/2019",20,29,2,"C_comedication","A_no_medication"
"711",543,180819,22,"MX",0,"M",267450,"04/09/2019",5,3,6,"A_no_medication","A_no_medication"
"712",544,181503,24,"PT",0,"F",268369,"05/09/2020",11,12,13,"A_no_medication","A_no_medication"
"713",545,181779,25,"LT",0,"F",268923,"03/10/2019",19,7,17,"B_single_medication","A_no_medication"
"714",546,181983,56,"ES",0,"F",269452,"12/05/2020",26,12,3,"B_single_medication","B_single_medication"
"715",547,182343,16,"PT",0,"F",269910,"16/06/2019",97,9,0,"C_comedication","A_no_medication"
"716",548,182373,21,"ES",0,"F",270348,"23/07/2020",0,4,3,"A_no_medication","A_no_medication"
"717",548,182373,21,"ES",0,"F",270231,"23/03/2020",21,7,0,"A_no_medication","A_no_medication"
"718",549,182541,32,"MX",0,"F",270600,"19/07/2019",10,0,3,"B_single_medication","A_no_medication"
"719",550,182931,43,"MX",1,"F",271094,"28/06/2019",15,3,0,"C_comedication","A_no_medication"
"720",551,183321,37,"FR",0,"F",271740,"17/05/2020",29,34,0,"C_comedication","A_no_medication"
"721",552,183657,20,"PL",1,"M",271945,"19/03/2020",0,3,0,"A_no_medication","B_single_medication"
"722",553,183939,16,"LT",0,"F",272477,"02/02/2021",1,0,0,"C_comedication","A_no_medication"
"723",553,183939,16,"LT",0,"F",272273,"04/09/2019",9,4,3,"C_comedication","A_no_medication"
"724",554,184083,39,"ES",0,"M",272849,"01/08/2019",14,7,16,"A_no_medication","C_comedication"
"725",554,184083,39,"ES",0,"M",272893,"20/09/2019",15,10,12,"A_no_medication","C_comedication"
"726",555,184347,19,"LT",0,"M",273668,"21/07/2020",6,2,0,"B_single_medication","B_single_medication"
"727",555,184347,19,"LT",0,"M",273565,"09/04/2020",11,5,7,"B_single_medication","B_single_medication"
"728",556,184713,18,"GB",0,"F",274585,"29/07/2019",7,1,2,"C_comedication","C_comedication"
"729",557,184905,41,"PT",1,"F",274957,"07/08/2019",16,18,0,"A_no_medication","A_no_medication"
"730",558,185211,45,"MX",0,"F",275149,"25/01/2020",0,2,8,"B_single_medication","B_single_medication"
"731",558,185211,45,"MX",0,"F",275137,"29/12/2019",2,2,1,"B_single_medication","B_single_medication"
"732",559,185235,53,"MX",0,"M",275468,"01/06/2020",28,0,11,"A_no_medication","A_no_medication"
"733",560,185505,30,"MX",0,"F",276559,"28/03/2020",16,0,0,"A_no_medication","A_no_medication"
"734",560,185505,30,"MX",0,"F",276628,"13/07/2020",6,10,2,"A_no_medication","A_no_medication"
"735",561,185841,19,"GR",0,"F",277409,"17/08/2019",8,1,0,"A_no_medication","B_single_medication"
"736",562,186453,32,"CZ",0,"F",278335,"23/01/2020",0,0,1,"B_single_medication","A_no_medication"
"737",562,186453,32,"CZ",0,"F",278272,"02/11/2019",5,7,7,"B_single_medication","A_no_medication"
"738",563,186957,39,"ES",0,"F",279576,"30/09/2021",25,31,23,"A_no_medication","A_no_medication"
"739",564,187365,20,"FR",1,"F",280515,"06/12/2019",0,0,1,"B_single_medication","A_no_medication"
"740",565,187479,33,"CH",0,"M",280685,"23/09/2019",23,53,26,"B_single_medication","A_no_medication"
"741",566,187875,37,"MX",0,"M",281367,"11/01/2020",41,36,30,"A_no_medication","A_no_medication"
"742",567,188097,45,"PT",1,"M",281707,"16/09/2019",18,1,28,"A_no_medication","A_no_medication"
"743",568,188283,24,"PL",1,"F",282438,"01/04/2021",13,0,1,"B_single_medication","C_comedication"
"744",569,188829,29,"PL",1,"F",283725,"24/09/2019",0,4,0,"A_no_medication","A_no_medication"
"745",570,189069,34,"MX",0,"M",284135,"20/11/2019",9,0,6,"A_no_medication","A_no_medication"
"746",570,189069,34,"MX",0,"M",284180,"26/01/2020",30,33,0,"A_no_medication","A_no_medication"
"747",571,189081,60,"MX",1,"F",284361,"12/01/2020",0,2,0,"B_single_medication","B_single_medication"
"748",572,189537,31,"AR",0,"M",284924,"17/09/2019",4,1,3,"A_no_medication","A_no_medication"
"749",573,189705,27,"MX",1,"F",285413,"04/02/2020",0,1,0,"B_single_medication","A_no_medication"
"750",574,189759,42,"MX",1,"F",285586,"25/10/2019",3,1,0,"A_no_medication","A_no_medication"
"751",575,190161,33,"AR",0,"M",286712,"06/01/2020",4,2,0,"A_no_medication","A_no_medication"
"752",576,190719,29,"PT",0,"F",287617,"31/01/2020",27,15,0,"A_no_medication","A_no_medication"
"753",577,190725,47,"MX",1,"M",287649,"10/11/2019",36,1,0,"A_no_medication","A_no_medication"
"754",578,191151,20,"PL",0,"F",288455,"04/11/2020",49,22,4,"C_comedication","B_single_medication"
"755",578,191151,20,"PL",0,"F",288536,"10/02/2021",19,6,9,"C_comedication","B_single_medication"
"756",579,191199,25,"GR",1,"F",288834,"10/10/2019",5,8,0,"A_no_medication","A_no_medication"
"757",580,191253,30,"LT",0,"F",289052,"07/12/2019",14,18,15,"B_single_medication","A_no_medication"
"758",581,191283,46,"IT",0,"F",289122,"23/11/2019",13,3,0,"B_single_medication","A_no_medication"
"759",582,191373,35,"TR",0,"F",289173,"21/10/2019",39,13,0,"B_single_medication","A_no_medication"
"760",583,191505,24,"PL",1,"M",289357,"05/03/2020",0,0,6,"B_single_medication","B_single_medication"
"761",584,191595,31,"MX",0,"M",289671,"06/02/2020",49,30,25,"A_no_medication","A_no_medication"
"762",585,191817,36,"AR",1,"F",290491,"21/11/2019",3,3,0,"A_no_medication","A_no_medication"
"763",586,191943,28,"MX",0,"F",290915,"09/06/2020",1,0,0,"A_no_medication","A_no_medication"
"764",587,192273,21,"PT",0,"M",291570,"09/05/2020",29,6,25,"C_comedication","B_single_medication"
"765",587,192273,21,"PT",0,"M",291452,"27/11/2019",11,7,3,"C_comedication","B_single_medication"
"766",588,192561,18,"FI",0,"F",291929,"19/01/2020",50,5,34,"B_single_medication","C_comedication"
"767",589,192789,26,"MX",0,"M",292484,"06/05/2020",0,1,2,"A_no_medication","A_no_medication"
"768",590,193083,61,"LT",0,"M",293035,"05/01/2020",19,5,30,"B_single_medication","A_no_medication"
"769",591,193173,49,"FR",1,"F",293099,"15/12/2019",42,22,26,"A_no_medication","A_no_medication"
"770",592,193497,43,"TR",0,"F",293496,"25/11/2019",20,15,19,"A_no_medication","B_single_medication"
"771",593,193533,29,"TR",0,"M",294142,"10/08/2020",6,0,4,"A_no_medication","A_no_medication"
"772",594,193539,29,"PT",0,"F",294594,"17/06/2021",28,31,2,"B_single_medication","A_no_medication"
"773",595,193815,46,"CH",1,"F",294673,"22/12/2019",52,10,17,"C_comedication","C_comedication"
"774",596,194253,46,"CH",1,"M",296415,"21/03/2020",12,27,7,"C_comedication","A_no_medication"
"775",597,194307,60,"DE",1,"M",296771,"03/06/2020",32,17,0,"C_comedication","A_no_medication"
"776",598,194721,20,"AR",0,"M",297600,"27/11/2019",49,50,16,"B_single_medication","A_no_medication"
"777",599,194949,47,"FR",0,"M",298108,"31/01/2021",49,44,48,"A_no_medication","A_no_medication"
"778",600,195267,52,"TR",0,"F",298423,"14/12/2019",1,0,4,"C_comedication","B_single_medication"
"779",601,195849,18,"IT",1,"M",299446,"17/12/2019",35,21,20,"B_single_medication","C_comedication"
"780",602,196101,29,"MX",0,"M",299670,"27/12/2019",48,8,3,"A_no_medication","A_no_medication"
"781",603,196737,68,"IT",0,"F",299940,"01/06/2020",99,16,60,"B_single_medication","C_comedication"
"782",603,196737,68,"IT",0,"F",300084,"04/12/2020",47,19,50,"B_single_medication","C_comedication"
"783",603,196737,68,"IT",0,"F",300013,"08/09/2020",100,18,54,"B_single_medication","C_comedication"
"784",603,196737,68,"IT",0,"F",299838,"08/02/2020",90,42,71,"B_single_medication","C_comedication"
"785",603,196737,68,"IT",0,"F",300147,"07/02/2021",34,47,77,"B_single_medication","B_single_medication"
"786",603,196737,68,"IT",0,"F",300102,"22/12/2020",42,36,51,"B_single_medication","C_comedication"
"787",603,196737,68,"IT",0,"F",299945,"09/06/2020",33,16,19,"B_single_medication","C_comedication"
"788",604,197367,30,"PL",1,"M",300730,"20/02/2020",2,0,6,"A_no_medication","A_no_medication"
"789",605,197535,29,"MX",0,"M",300838,"13/04/2020",37,43,42,"A_no_medication","A_no_medication"
"790",606,198171,41,"MX",1,"F",300915,"11/02/2020",23,1,12,"A_no_medication","A_no_medication"
"791",607,213639,54,"GR",0,"M",304370,"21/12/2019",29,0,2,"A_no_medication","A_no_medication"
"792",608,214053,25,"MX",1,"M",304569,"18/05/2020",22,0,3,"B_single_medication","A_no_medication"
"793",609,214209,32,"FR",1,"F",304730,"18/06/2020",3,0,0,"A_no_medication","A_no_medication"
"794",609,214209,32,"FR",1,"F",304664,"01/04/2020",2,9,0,"A_no_medication","A_no_medication"
"795",610,214413,23,"MX",0,"F",305146,"18/12/2021",5,9,3,"A_no_medication","A_no_medication"
"796",611,214479,49,"IT",1,"F",305157,"03/01/2020",8,29,0,"B_single_medication","A_no_medication"
"797",612,214587,41,"MX",0,"M",305180,"02/01/2020",28,0,3,"A_no_medication","A_no_medication"
"798",613,214791,58,"GR",0,"M",305529,"13/01/2020",11,0,22,"B_single_medication","B_single_medication"
"799",614,215253,74,"LT",1,"M",306482,"16/10/2020",45,6,0,"B_single_medication","A_no_medication"
"800",615,215313,33,"MX",0,"F",306995,"01/03/2020",26,23,15,"A_no_medication","A_no_medication"
"801",616,215535,45,"FR",1,"M",307619,"27/06/2020",21,10,0,"A_no_medication","A_no_medication"
"802",616,215535,45,"FR",1,"M",307551,"19/04/2020",19,10,5,"A_no_medication","A_no_medication"
"803",617,215985,56,"MX",0,"F",308539,"27/02/2020",7,0,6,"A_no_medication","A_no_medication"
"804",618,216015,34,"MX",0,"M",308847,"11/05/2020",8,9,11,"A_no_medication","B_single_medication"
"805",618,216015,34,"MX",0,"M",309214,"18/06/2021",4,0,14,"B_single_medication","A_no_medication"
"806",618,216015,34,"MX",0,"M",309059,"11/01/2021",4,0,17,"A_no_medication","B_single_medication"
"807",618,216015,34,"MX",0,"M",309164,"28/04/2021",3,2,16,"B_single_medication","A_no_medication"
"808",618,216015,34,"MX",0,"M",309379,"02/12/2021",5,0,15,"B_single_medication","A_no_medication"
"809",619,216291,34,"PT",0,"M",309657,"05/02/2020",9,5,91,"A_no_medication","A_no_medication"
"810",620,216369,46,"PT",0,"F",309790,"23/01/2020",27,2,1,"B_single_medication","A_no_medication"
"811",621,216489,37,"PT",0,"F",309903,"20/01/2020",78,76,75,"C_comedication","A_no_medication"
"812",622,216777,63,"MX",1,"F",310597,"07/10/2020",3,0,0,"A_no_medication","A_no_medication"
"813",623,217101,58,"JP",0,"M",310958,"21/02/2020",4,3,0,"C_comedication","A_no_medication"
"814",624,217191,32,"GB",1,"F",311060,"26/01/2020",4,0,43,"B_single_medication","B_single_medication"
"815",625,217215,33,"ES",0,"M",311093,"29/02/2020",47,0,31,"B_single_medication","A_no_medication"
"816",626,217359,21,"PL",1,"M",311282,"30/03/2020",1,0,2,"A_no_medication","A_no_medication"
"817",627,217509,18,"MX",0,"M",311494,"06/02/2020",18,5,7,"A_no_medication","A_no_medication"
"818",628,217713,33,"JP",0,"F",312280,"03/03/2020",2,1,0,"B_single_medication","A_no_medication"
"819",629,217809,36,"MX",1,"M",312670,"11/06/2020",4,8,0,"A_no_medication","A_no_medication"
"820",630,218601,37,"JP",1,"F",313664,"21/02/2020",20,2,21,"C_comedication","B_single_medication"
"821",631,219501,66,"GR",1,"M",314759,"23/02/2020",10,0,0,"B_single_medication","A_no_medication"
"822",631,219501,66,"GR",1,"M",314754,"15/02/2020",8,0,0,"A_no_medication","A_no_medication"
"823",632,219537,44,"JP",0,"F",314839,"10/03/2020",9,6,2,"C_comedication","A_no_medication"
"824",633,219573,43,"ES",1,"F",314911,"25/05/2020",0,2,0,"B_single_medication","A_no_medication"
"825",634,219621,40,"PT",0,"F",315193,"14/02/2020",46,47,40,"A_no_medication","A_no_medication"
"826",635,219711,84,"IT",0,"M",315713,"12/08/2021",25,33,29,"A_no_medication","B_single_medication"
"827",635,219711,84,"IT",0,"M",315603,"14/02/2021",31,33,35,"A_no_medication","B_single_medication"
"828",636,220005,49,"DE",0,"F",316402,"25/05/2021",30,8,0,"B_single_medication","A_no_medication"
"829",637,220089,30,"SE",0,"F",316556,"03/08/2020",24,31,0,"A_no_medication","A_no_medication"
"830",638,220431,39,"JP",0,"M",317311,"05/03/2020",0,1,2,"C_comedication","A_no_medication"
"831",639,220497,24,"MX",1,"F",317628,"29/02/2020",66,53,54,"C_comedication","A_no_medication"
"832",640,220863,38,"JP",0,"M",318558,"07/03/2021",16,10,2,"C_comedication","A_no_medication"
"833",641,221157,45,"FR",0,"M",319537,"04/07/2020",0,0,3,"A_no_medication","C_comedication"
"834",642,221505,54,"IT",0,"M",319727,"16/03/2020",6,2,2,"B_single_medication","A_no_medication"
"835",643,221667,27,"GR",0,"M",320009,"12/10/2020",9,9,5,"A_no_medication","A_no_medication"
"836",643,221667,27,"GR",0,"M",320124,"01/06/2021",19,19,19,"B_single_medication","A_no_medication"
"837",644,222417,24,"FR",0,"M",321036,"11/05/2020",46,3,0,"A_no_medication","A_no_medication"
"838",645,222459,43,"MX",0,"F",321168,"15/04/2020",1,0,2,"A_no_medication","A_no_medication"
"839",646,222555,37,"JP",0,"F",321274,"28/03/2020",0,0,0,"A_no_medication","A_no_medication"
"840",647,222873,15,"LT",1,"M",321644,"18/03/2020",29,9,0,"B_single_medication","A_no_medication"
"841",648,222957,47,"LT",0,"F",321712,"18/03/2020",27,88,67,"A_no_medication","B_single_medication"
"842",649,223305,32,"NL",1,"M",321949,"30/03/2020",49,49,30,"C_comedication","B_single_medication"
"843",650,223695,52,"JP",1,"M",322182,"24/04/2020",4,1,8,"C_comedication","B_single_medication"
"844",651,223731,59,"IT",0,"F",322235,"24/08/2020",46,32,37,"B_single_medication","C_comedication"
"845",652,225507,35,"DE",0,"M",324036,"11/07/2020",21,95,44,"B_single_medication","A_no_medication"
"846",653,225873,57,"FR",1,"F",324450,"13/04/2020",16,14,41,"A_no_medication","B_single_medication"
"847",654,226113,32,"PL",0,"F",324644,"13/04/2020",0,2,0,"A_no_medication","A_no_medication"
"848",655,226419,37,"DE",1,"M",325023,"30/07/2020",58,1,3,"B_single_medication","A_no_medication"
"849",655,226419,37,"DE",1,"M",324966,"28/04/2020",69,36,0,"C_comedication","A_no_medication"
"850",656,226653,33,"DE",0,"F",325229,"13/05/2020",8,0,0,"B_single_medication","A_no_medication"
"851",657,226851,21,"MX",0,"F",325538,"23/04/2020",0,3,3,"A_no_medication","A_no_medication"
"852",658,227409,53,"PT",0,"M",325959,"06/05/2020",11,1,21,"C_comedication","C_comedication"
"853",659,227811,25,"GB",1,"F",326343,"16/06/2020",36,12,17,"C_comedication","A_no_medication"
"854",660,227907,41,"DE",1,"M",326490,"19/06/2020",14,2,1,"A_no_medication","A_no_medication"
"855",661,228597,43,"SI",0,"M",327335,"27/05/2021",0,0,0,"A_no_medication","A_no_medication"
"856",662,228813,35,"MX",0,"M",327601,"18/07/2020",1,4,0,"A_no_medication","A_no_medication"
"857",662,228813,35,"MX",0,"M",327557,"31/05/2020",0,3,8,"B_single_medication","A_no_medication"
"858",663,228825,47,"CA",1,"F",327616,"17/05/2020",47,47,30,"B_single_medication","A_no_medication"
"859",664,228981,38,"GR",0,"M",327852,"15/05/2020",57,4,9,"A_no_medication","A_no_medication"
"860",665,229065,24,"PL",1,"M",328333,"02/06/2021",11,4,13,"C_comedication","B_single_medication"
"861",666,229113,45,"PL",1,"F",328455,"24/05/2020",10,5,2,"C_comedication","C_comedication"
"862",667,229215,26,"LT",0,"F",328544,"20/05/2020",6,2,0,"A_no_medication","A_no_medication"
"863",667,229215,26,"LT",0,"F",328543,"19/05/2020",0,5,6,"A_no_medication","A_no_medication"
"864",668,229455,27,"MX",1,"M",329173,"06/07/2021",20,20,11,"B_single_medication","A_no_medication"
"865",668,229455,27,"MX",1,"M",329214,"18/08/2021",29,31,12,"A_no_medication","A_no_medication"
"866",669,230427,63,"ES",1,"M",330354,"22/06/2020",3,3,2,"A_no_medication","A_no_medication"
"867",670,230769,35,"AT",0,"M",330677,"24/06/2020",63,0,2,"A_no_medication","A_no_medication"
"868",671,231255,29,"JP",0,"M",331194,"12/10/2020",0,0,3,"B_single_medication","A_no_medication"
"869",671,231255,29,"JP",0,"M",331230,"02/01/2021",0,3,4,"B_single_medication","A_no_medication"
"870",672,231597,45,"LT",0,"F",331964,"30/08/2020",0,2,1,"A_no_medication","A_no_medication"
"871",672,231597,45,"LT",0,"F",332026,"12/11/2020",0,0,3,"A_no_medication","A_no_medication"
"872",673,232281,51,"IT",1,"F",334494,"26/03/2021",21,8,14,"A_no_medication","A_no_medication"
"873",674,232383,20,"PL",1,"F",335029,"13/06/2021",43,46,49,"B_single_medication","C_comedication"
"874",675,232593,45,"AR",1,"M",335450,"05/09/2020",24,38,5,"B_single_medication","A_no_medication"
"875",676,232803,40,"JP",1,"M",335965,"11/11/2020",8,0,0,"B_single_medication","A_no_medication"
"876",677,232815,36,"GR",1,"M",336068,"09/09/2020",39,37,2,"C_comedication","A_no_medication"
"877",678,233277,27,"GB",1,"F",337221,"30/07/2020",23,34,0,"C_comedication","A_no_medication"
"878",679,233409,48,"LT",1,"M",337725,"30/03/2021",47,26,5,"B_single_medication","B_single_medication"
"879",680,233439,32,"LT",0,"F",338210,"27/12/2021",0,8,3,"A_no_medication","A_no_medication"
"880",681,233541,40,"LT",1,"F",338379,"06/09/2020",10,18,0,"B_single_medication","A_no_medication"
"881",682,233601,44,"MX",1,"F",338516,"15/08/2020",4,2,1,"A_no_medication","A_no_medication"
"882",683,233961,45,"IT",1,"F",339560,"21/09/2021",9,0,2,"B_single_medication","A_no_medication"
"883",684,233985,42,"DE",0,"M",339675,"16/08/2020",30,4,1,"A_no_medication","A_no_medication"
"884",685,234783,78,"DE",0,"F",340910,"09/09/2020",25,7,1,"A_no_medication","A_no_medication"
"885",686,235179,46,"LT",0,"M",341314,"22/10/2020",24,28,0,"B_single_medication","A_no_medication"
"886",687,235275,41,"AR",0,"M",342044,"30/09/2020",7,0,0,"B_single_medication","A_no_medication"
"887",688,235593,44,"GR",0,"M",342612,"25/09/2020",30,0,6,"B_single_medication","A_no_medication"
"888",689,235659,35,"LT",1,"F",342733,"24/09/2020",12,0,0,"A_no_medication","A_no_medication"
"889",690,236049,57,"LT",0,"M",343051,"02/07/2021",0,2,0,"A_no_medication","A_no_medication"
"890",691,236355,33,"FI",0,"F",343669,"26/11/2020",42,44,2,"B_single_medication","A_no_medication"
"891",692,236745,37,"MX",0,"F",344965,"01/11/2020",6,30,0,"B_single_medication","A_no_medication"
"892",693,236943,23,"LT",1,"M",345014,"25/10/2020",45,9,0,"A_no_medication","A_no_medication"
"893",694,237471,46,"IT",1,"F",345681,"26/02/2021",29,2,0,"B_single_medication","A_no_medication"
"894",695,237957,43,"DE",0,"F",346301,"07/01/2021",1,10,10,"A_no_medication","A_no_medication"
"895",695,237957,43,"DE",0,"F",346439,"20/06/2021",4,27,18,"A_no_medication","A_no_medication"
"896",696,238083,21,"FR",0,"M",347002,"11/10/2021",6,9,5,"A_no_medication","A_no_medication"
"897",696,238083,21,"FR",0,"M",346987,"26/09/2021",2,5,6,"A_no_medication","A_no_medication"
"898",696,238083,21,"FR",0,"M",346841,"02/05/2021",0,6,1,"A_no_medication","A_no_medication"
"899",697,238233,49,"IT",0,"F",347250,"27/11/2020",55,49,4,"B_single_medication","A_no_medication"
"900",698,238971,31,"DE",1,"F",348017,"08/02/2021",23,0,2,"B_single_medication","A_no_medication"
"901",699,239289,61,"DE",1,"F",349087,"12/10/2021",12,10,0,"A_no_medication","A_no_medication"
"902",700,239745,34,"DE",1,"M",349662,"10/01/2021",6,5,7,"A_no_medication","A_no_medication"
"903",700,239745,34,"DE",1,"M",349845,"26/07/2021",26,15,0,"B_single_medication","A_no_medication"
"904",701,239967,18,"IT",0,"F",350091,"18/04/2021",8,18,0,"A_no_medication","A_no_medication"
"905",702,240069,25,"IT",1,"F",350299,"17/04/2021",11,15,10,"B_single_medication","A_no_medication"
"906",703,240603,44,"DE",0,"M",350923,"06/02/2021",8,13,2,"A_no_medication","A_no_medication"
"907",704,240615,34,"LT",1,"M",351180,"12/03/2021",14,0,1,"A_no_medication","A_no_medication"
"908",705,240909,44,"BR",0,"F",351583,"13/02/2021",7,8,3,"A_no_medication","A_no_medication"
"909",706,241179,29,"DE",0,"F",352096,"07/12/2021",26,24,25,"B_single_medication","A_no_medication"
"910",707,241509,46,"DE",0,"F",352608,"08/03/2021",1,0,8,"C_comedication","B_single_medication"
"911",708,241611,53,"PL",1,"M",353037,"24/03/2021",4,0,0,"B_single_medication","A_no_medication"
"912",709,241707,45,"SI",0,"M",353326,"27/08/2021",75,85,80,"C_comedication","B_single_medication"
"913",710,241731,67,"LT",1,"M",353437,"06/06/2021",15,16,25,"B_single_medication","C_comedication"
"914",711,241779,71,"FR",1,"F",353597,"10/03/2021",11,0,0,"A_no_medication","A_no_medication"
"915",712,241827,22,"ES",1,"M",353641,"15/04/2021",16,14,0,"B_single_medication","A_no_medication"
"916",713,241845,29,"LT",0,"M",353709,"11/04/2021",10,14,25,"B_single_medication","C_comedication"
"917",713,241845,29,"LT",0,"M",353779,"28/06/2021",9,7,17,"A_no_medication","C_comedication"
"918",714,241941,30,"LT",0,"F",354075,"04/12/2021",85,0,3,"A_no_medication","A_no_medication"
"919",715,242253,43,"CH",1,"F",354412,"28/03/2021",48,6,1,"A_no_medication","A_no_medication"
"920",716,242295,60,"MX",0,"M",354493,"16/06/2021",0,0,3,"A_no_medication","A_no_medication"
"921",717,243399,47,"DE",0,"M",355809,"05/05/2021",0,4,0,"A_no_medication","A_no_medication"
"922",717,243399,47,"DE",0,"M",355849,"01/07/2021",0,2,0,"A_no_medication","A_no_medication"
"923",717,243399,47,"DE",0,"M",355839,"14/06/2021",2,2,1,"B_single_medication","A_no_medication"
"924",718,243663,46,"DE",0,"F",356116,"19/03/2021",9,50,8,"C_comedication","A_no_medication"
"925",719,243951,68,"LT",1,"M",356683,"08/05/2021",7,4,0,"A_no_medication","A_no_medication"
"926",720,244317,40,"PL",1,"M",357374,"21/03/2021",91,63,0,"B_single_medication","A_no_medication"
"927",721,244437,74,"LT",1,"M",357465,"25/03/2021",16,4,11,"C_comedication","A_no_medication"
"928",722,244539,37,"PL",0,"M",358042,"18/07/2021",4,0,1,"A_no_medication","A_no_medication"
"929",723,244701,48,"IT",0,"M",358606,"22/10/2021",7,5,8,"A_no_medication","A_no_medication"
"930",724,244887,18,"DE",1,"M",359016,"04/05/2021",0,8,16,"B_single_medication","B_single_medication"
"931",724,244887,18,"DE",1,"M",359017,"05/05/2021",9,8,19,"B_single_medication","B_single_medication"
"932",725,244971,34,"ES",0,"M",359355,"30/05/2021",15,1,0,"B_single_medication","C_comedication"
"933",726,245391,25,"PL",0,"M",359929,"07/04/2021",54,1,7,"B_single_medication","A_no_medication"
"934",727,245433,19,"DE",0,"M",359959,"29/03/2021",0,0,0,"B_single_medication","B_single_medication"
"935",728,246171,28,"DE",0,"M",360629,"08/06/2021",76,68,77,"A_no_medication","A_no_medication"
"936",729,246219,18,"MX",0,"M",360745,"11/08/2021",19,26,1,"A_no_medication","A_no_medication"
"937",730,247653,16,"PL",0,"F",361976,"16/05/2021",23,3,20,"C_comedication","B_single_medication"
"938",731,248685,55,"LT",1,"F",362958,"22/09/2021",46,50,12,"C_comedication","A_no_medication"
"939",732,248955,29,"IT",1,"F",363195,"09/05/2021",6,9,0,"B_single_medication","A_no_medication"
"940",733,249141,55,"MX",0,"M",363415,"26/05/2021",0,0,2,"B_single_medication","A_no_medication"
"941",734,249429,24,"LB",1,"F",363582,"15/05/2021",10,11,5,"A_no_medication","A_no_medication"
"942",735,249603,16,"CH",0,"M",363940,"25/05/2021",3,0,0,"A_no_medication","A_no_medication"
"943",736,250959,45,"LB",0,"M",365804,"24/05/2021",4,1,0,"B_single_medication","A_no_medication"
"944",737,250971,34,"TR",0,"M",365877,"10/07/2021",6,1,9,"B_single_medication","B_single_medication"
"945",737,250971,34,"TR",0,"M",365835,"28/05/2021",9,5,8,"B_single_medication","B_single_medication"
"946",738,251145,21,"LB",1,"F",366193,"15/05/2021",17,0,0,"A_no_medication","A_no_medication"
"947",739,251445,35,"PL",0,"M",366603,"21/11/2021",9,1,2,"B_single_medication","A_no_medication"
"948",740,251481,38,"PL",0,"F",366634,"01/07/2021",40,8,0,"A_no_medication","A_no_medication"
"949",741,252381,20,"GR",1,"F",367404,"17/09/2021",28,30,19,"A_no_medication","A_no_medication"
"950",742,255069,49,"FR",1,"F",369911,"27/05/2021",96,27,9,"A_no_medication","A_no_medication"
"951",743,255213,26,"FR",0,"F",370060,"28/05/2021",100,100,76,"C_comedication","B_single_medication"
"952",744,255627,25,"FR",0,"F",370320,"01/06/2021",59,98,7,"C_comedication","A_no_medication"
"953",745,255915,33,"FR",1,"F",370558,"07/06/2021",2,15,0,"A_no_medication","A_no_medication"
"954",746,258039,36,"PL",0,"M",371704,"06/06/2021",64,39,15,"C_comedication","A_no_medication"
"955",747,258087,53,"DE",0,"M",371863,"17/09/2021",8,4,21,"B_single_medication","C_comedication"
"956",747,258087,53,"DE",0,"M",371952,"22/12/2021",3,0,6,"A_no_medication","A_no_medication"
"957",747,258087,53,"DE",0,"M",371825,"10/08/2021",17,5,12,"A_no_medication","C_comedication"
"958",748,258321,29,"DE",0,"F",372056,"10/06/2021",7,11,34,"B_single_medication","A_no_medication"
"959",749,259737,51,"FR",0,"F",373048,"21/07/2021",21,21,2,"B_single_medication","A_no_medication"
"960",750,260325,55,"LT",0,"M",373350,"01/07/2021",30,7,53,"C_comedication","B_single_medication"
"961",751,260805,73,"ES",0,"M",373976,"06/09/2021",2,1,4,"A_no_medication","A_no_medication"
"962",752,261567,22,"PT",0,"M",374580,"25/08/2021",0,1,0,"B_single_medication","A_no_medication"
"963",753,261615,35,"FR",0,"F",374665,"03/08/2021",76,82,77,"A_no_medication","A_no_medication"
"964",754,262023,52,"TR",0,"M",375088,"23/06/2021",9,12,13,"A_no_medication","A_no_medication"
"965",755,262077,26,"LT",0,"M",375353,"15/11/2021",10,11,9,"A_no_medication","A_no_medication"
"966",756,262095,41,"DE",1,"M",375382,"29/06/2021",5,0,4,"B_single_medication","A_no_medication"
"967",757,262335,25,"DE",0,"F",375679,"09/10/2021",16,10,25,"B_single_medication","B_single_medication"
"968",758,262983,29,"MX",1,"M",376491,"18/07/2021",46,56,62,"A_no_medication","B_single_medication"
"969",759,263703,53,"PL",0,"F",377346,"30/07/2021",14,13,5,"A_no_medication","A_no_medication"
"970",759,263703,53,"PL",0,"F",377360,"20/08/2021",8,2,1,"A_no_medication","A_no_medication"
"971",760,263985,33,"FR",0,"F",377802,"01/10/2021",52,9,19,"B_single_medication","B_single_medication"
"972",761,264003,48,"FR",1,"F",377929,"07/10/2021",14,24,5,"B_single_medication","A_no_medication"
"973",761,264003,48,"FR",1,"F",377895,"27/07/2021",11,6,3,"A_no_medication","A_no_medication"
"974",762,264081,22,"BR",1,"M",378257,"11/08/2021",1,0,0,"B_single_medication","A_no_medication"
"975",763,266259,49,"LT",1,"M",380224,"22/07/2021",13,1,3,"B_single_medication","A_no_medication"
"976",764,267471,29,"ES",1,"M",381235,"31/10/2021",27,11,1,"B_single_medication","A_no_medication"
"977",765,267519,18,"MX",0,"M",381312,"02/08/2021",44,18,3,"C_comedication","A_no_medication"
"978",766,271545,39,"FR",0,"M",382976,"11/11/2021",6,0,4,"A_no_medication","A_no_medication"
"979",767,272127,31,"TR",0,"M",383202,"28/08/2021",98,6,92,"B_single_medication","C_comedication"
"980",768,272745,15,"MX",0,"F",383586,"19/09/2021",43,32,0,"B_single_medication","A_no_medication"
"981",769,272985,23,"FR",0,"F",383662,"18/10/2021",2,2,4,"A_no_medication","A_no_medication"
"982",770,273675,38,"PT",1,"F",383970,"18/10/2021",0,0,1,"A_no_medication","A_no_medication"
"983",771,274869,22,"PT",0,"M",384455,"29/11/2021",69,15,0,"B_single_medication","A_no_medication"
"984",772,276699,31,"ES",0,"F",385216,"26/09/2021",6,7,19,"A_no_medication","A_no_medication"
"985",773,276927,27,"IT",0,"F",385300,"12/09/2021",97,1,0,"A_no_medication","A_no_medication"
"986",774,277785,19,"PT",0,"F",385739,"01/10/2021",2,5,3,"A_no_medication","A_no_medication"
"987",775,278181,48,"PT",1,"F",385847,"19/09/2021",32,21,25,"A_no_medication","A_no_medication"
"988",776,280647,50,"PL",0,"F",386646,"01/10/2021",51,18,2,"A_no_medication","A_no_medication"
"989",777,284667,43,"FR",0,"F",388625,"26/10/2021",56,47,60,"B_single_medication","B_single_medication"
"990",778,285267,21,"AR",0,"M",389133,"27/10/2021",69,49,39,"C_comedication","A_no_medication"
"991",779,285627,49,"FR",0,"M",389280,"04/11/2021",2,0,1,"A_no_medication","A_no_medication"
"992",780,285777,28,"FR",0,"M",389380,"27/12/2021",1,0,5,"A_no_medication","A_no_medication"
"993",781,287973,33,"PT",0,"F",390065,"13/11/2021",28,29,0,"A_no_medication","A_no_medication"
"994",782,291231,25,"FR",0,"F",391706,"25/11/2021",19,1,4,"A_no_medication","A_no_medication"
"995",783,291441,22,"FR",1,"M",391855,"27/11/2021",7,2,1,"A_no_medication","A_no_medication"
"996",784,292287,60,"IT",0,"M",392163,"27/11/2021",14,2,4,"C_comedication","A_no_medication"
"997",785,292737,25,"FR",0,"M",392249,"19/12/2021",4,2,2,"A_no_medication","A_no_medication"
"998",786,297285,28,"FR",1,"M",394921,"25/12/2021",65,3,7,"A_no_medication","A_no_medication"
"999",787,302223,37,"IT",1,"F",449,"23/12/2021",86,62,3,"A_no_medication","A_no_medication"
"1000",788,304299,23,"IT",1,"F",1096,"29/12/2021",96,35,12,"A_no_medication","A_no_medication"
