symptoms_id,member_id,date,vas_nose,vas_eye,vas_asthma,rhinitis_medication,asthma_medication
224102,156939,21/02/2019,0,0,0,A_no_medication,A_no_medication
114879,96075,04/03/2018,0,7,6,A_no_medication,A_no_medication
108405,92049,08/11/2017,5,0,0,C_comedication,B_single_medication
371863,258087,17/09/2021,8,4,21,B_single_medication,C_comedication
249879,171159,01/04/2019,6,31,3,B_single_medication,A_no_medication
161568,115965,29/04/2018,97,41,64,C_comedication,A_no_medication
76200,74409,09/07/2021,2,0,3,A_no_medication,A_no_medication
288455,191151,04/11/2020,49,22,4,C_comedication,B_single_medication
374580,261567,25/08/2021,0,1,0,B_single_medication,A_no_medication
178842,132003,03/11/2018,31,23,25,A_no_medication,B_single_medication
327852,228981,15/05/2020,57,4,9,A_no_medication,A_no_medication
106533,90183,27/10/2017,59,68,64,A_no_medication,A_no_medication
359016,244887,04/05/2021,0,8,16,B_single_medication,B_single_medication
371952,258087,22/12/2021,3,0,6,A_no_medication,A_no_medication
394921,297285,25/12/2021,65,3,7,A_no_medication,A_no_medication
299940,196737,01/06/2020,99,16,60,B_single_medication,C_comedication
234407,162003,27/04/2019,43,39,34,C_comedication,C_comedication
86926,81135,03/12/2017,0,4,0,B_single_medication,B_single_medication
152073,109065,16/05/2018,15,41,37,B_single_medication,C_comedication
103872,88485,01/01/2018,0,3,2,A_no_medication,A_no_medication
122057,99171,27/02/2018,1,3,0,B_single_medication,A_no_medication
297600,194721,27/11/2019,49,50,16,B_single_medication,A_no_medication
19482,43608,31/03/2017,2,3,6,A_no_medication,A_no_medication
363940,249603,25/05/2021,3,0,0,A_no_medication,A_no_medication
328544,229215,20/05/2020,6,2,0,A_no_medication,A_no_medication
312280,217713,03/03/2020,2,1,0,B_single_medication,A_no_medication
262434,178617,13/06/2019,80,65,4,B_single_medication,A_no_medication
218405,155025,03/01/2021,2,0,3,A_no_medication,A_no_medication
61267,66933,26/06/2017,18,6,2,B_single_medication,A_no_medication
172570,126237,07/08/2018,19,33,25,A_no_medication,A_no_medication
321949,223305,30/03/2020,49,49,30,C_comedication,B_single_medication
322235,223731,24/08/2020,46,32,37,B_single_medication,C_comedication
48362,58185,04/10/2017,66,64,66,C_comedication,B_single_medication
225372,157611,12/08/2019,22,14,0,A_no_medication,A_no_medication
77845,75777,04/08/2017,23,1,3,A_no_medication,A_no_medication
57256,64479,10/08/2017,0,0,0,A_no_medication,B_single_medication
213528,151599,26/02/2019,3,6,11,C_comedication,A_no_medication
194759,142431,16/08/2018,93,93,58,A_no_medication,A_no_medication
57436,64479,22/02/2018,1,0,2,A_no_medication,B_single_medication
271740,183321,17/05/2020,29,34,0,C_comedication,A_no_medication
85463,80271,24/10/2017,100,100,0,B_single_medication,B_single_medication
170093,123075,15/04/2018,59,61,0,C_comedication,A_no_medication
241110,166395,01/11/2019,0,0,2,A_no_medication,A_no_medication
362958,248685,22/09/2021,46,50,12,C_comedication,A_no_medication
218584,155169,24/12/2018,7,0,0,A_no_medication,A_no_medication
45882,56835,25/01/2018,42,41,48,A_no_medication,A_no_medication
303837,20292,19/12/2020,10,0,0,B_single_medication,B_single_medication
25433,3954,09/08/2016,9,10,16,C_comedication,A_no_medication
98830,85941,20/11/2017,0,1,0,A_no_medication,A_no_medication
300084,196737,04/12/2020,47,19,50,B_single_medication,C_comedication
73231,73515,11/08/2017,4,4,0,A_no_medication,A_no_medication
86064,80607,06/09/2017,46,10,3,B_single_medication,A_no_medication
148679,107631,12/05/2019,0,4,0,A_no_medication,A_no_medication
17141,40194,17/03/2017,35,31,1,A_no_medication,A_no_medication
14064,37428,25/06/2017,0,2,0,A_no_medication,A_no_medication
60475,66375,23/12/2017,12,3,0,A_no_medication,B_single_medication
178809,131937,04/06/2018,15,42,0,C_comedication,A_no_medication
66410,69915,20/07/2018,0,0,0,B_single_medication,A_no_medication
26103,48264,01/05/2017,85,65,3,B_single_medication,A_no_medication
76221,74409,31/07/2021,10,5,0,A_no_medication,A_no_medication
263773,179103,08/09/2021,17,11,2,B_single_medication,A_no_medication
381312,267519,02/08/2021,44,18,3,C_comedication,A_no_medication
284135,189069,20/11/2019,9,0,6,A_no_medication,A_no_medication
2696,30462,20/11/2016,97,100,18,A_no_medication,A_no_medication
13253,37218,08/02/2020,14,0,10,C_comedication,C_comedication
263696,179103,20/06/2021,29,33,0,B_single_medication,A_no_medication
205398,146079,10/09/2018,42,10,3,A_no_medication,A_no_medication
219575,155697,08/05/2019,0,1,0,B_single_medication,A_no_medication
252935,172755,23/09/2019,19,1,0,A_no_medication,A_no_medication
12667,37218,07/06/2018,5,0,9,C_comedication,C_comedication
349087,239289,12/10/2021,12,10,0,A_no_medication,A_no_medication
138833,9654,20/08/2016,17,0,10,C_comedication,B_single_medication
18021,42042,18/03/2017,80,32,0,B_single_medication,A_no_medication
23992,45726,06/04/2017,24,32,2,B_single_medication,A_no_medication
331964,231597,30/08/2020,0,2,1,A_no_medication,A_no_medication
120796,98565,12/01/2020,2,3,0,A_no_medication,A_no_medication
148024,107475,24/02/2018,47,0,0,B_single_medication,A_no_medication
207474,146457,23/04/2019,13,4,0,B_single_medication,A_no_medication
278335,186453,23/01/2020,0,0,1,B_single_medication,A_no_medication
256140,175047,25/01/2021,32,6,10,A_no_medication,B_single_medication
89822,82275,12/09/2019,0,4,0,A_no_medication,A_no_medication
203510,145791,31/12/2018,14,6,6,A_no_medication,A_no_medication
283725,188829,24/09/2019,0,4,0,A_no_medication,A_no_medication
154590,110667,03/09/2018,13,1,18,B_single_medication,C_comedication
16996,3192,01/08/2017,0,1,0,A_no_medication,A_no_medication
375088,262023,23/06/2021,9,12,13,A_no_medication,A_no_medication
84115,79551,03/06/2018,0,11,12,A_no_medication,A_no_medication
382976,271545,11/11/2021,6,0,4,A_no_medication,A_no_medication
196716,142881,29/01/2019,26,5,0,A_no_medication,A_no_medication
324036,225507,11/07/2020,21,95,44,B_single_medication,A_no_medication
358042,244539,18/07/2021,4,0,1,A_no_medication,A_no_medication
79830,77043,27/08/2017,6,7,10,A_no_medication,B_single_medication
51702,60687,01/08/2017,48,30,27,A_no_medication,A_no_medication
88244,81621,21/10/2017,15,0,0,A_no_medication,A_no_medication
164789,118275,29/06/2018,1,1,2,B_single_medication,A_no_medication
25167,47394,08/06/2017,29,23,3,B_single_medication,A_no_medication
48818,58593,07/06/2017,3,0,4,A_no_medication,A_no_medication
264646,179319,01/08/2019,1,1,5,C_comedication,A_no_medication
112904,95517,18/11/2017,3,0,3,A_no_medication,A_no_medication
77234,75069,20/11/2018,6,1,0,C_comedication,A_no_medication
206405,146253,10/12/2019,2,3,3,A_no_medication,A_no_medication
361976,247653,16/05/2021,23,3,20,C_comedication,B_single_medication
212641,151029,14/02/2019,0,33,0,B_single_medication,B_single_medication
140719,105015,02/10/2018,0,0,3,A_no_medication,A_no_medication
36782,53337,25/06/2020,29,24,0,C_comedication,A_no_medication
163889,117759,01/05/2018,7,9,7,A_no_medication,A_no_medication
300730,197367,20/02/2020,2,0,6,A_no_medication,A_no_medication
210873,149889,05/12/2018,3,0,0,A_no_medication,A_no_medication
102591,87435,15/10/2017,49,33,10,B_single_medication,A_no_medication
83432,79143,19/09/2017,1,0,1,A_no_medication,A_no_medication
78793,76569,29/10/2017,9,6,5,B_single_medication,A_no_medication
231392,160929,03/03/2020,27,25,0,A_no_medication,A_no_medication
299670,196101,27/12/2019,48,8,3,A_no_medication,A_no_medication
287649,190725,10/11/2019,36,1,0,A_no_medication,A_no_medication
136723,104019,02/04/2018,67,53,4,A_no_medication,A_no_medication
252906,172755,17/08/2019,15,2,1,A_no_medication,A_no_medication
378257,264081,11/08/2021,1,0,0,B_single_medication,A_no_medication
243351,167763,18/04/2019,100,100,100,A_no_medication,A_no_medication
81048,77439,17/05/2018,19,14,4,A_no_medication,A_no_medication
29872,51195,13/10/2017,29,30,14,A_no_medication,A_no_medication
195831,142575,04/11/2020,7,3,3,B_single_medication,A_no_medication
238483,165057,25/02/2019,67,61,87,A_no_medication,C_comedication
179399,132453,13/06/2018,18,9,14,B_single_medication,A_no_medication
112272,95115,01/07/2019,0,0,0,A_no_medication,A_no_medication
137289,104091,01/03/2019,89,26,7,C_comedication,A_no_medication
253982,173523,15/05/2020,49,2,9,C_comedication,B_single_medication
319537,221157,04/07/2020,0,0,3,A_no_medication,C_comedication
162186,116259,28/06/2018,55,0,14,B_single_medication,B_single_medication
348017,238971,08/02/2021,23,0,2,B_single_medication,A_no_medication
10030,35148,28/02/2017,78,48,96,C_comedication,C_comedication
349662,239745,10/01/2021,6,5,7,A_no_medication,A_no_medication
101951,86871,17/06/2019,15,7,0,C_comedication,A_no_medication
122146,99171,01/06/2018,0,3,0,B_single_medication,A_no_medication
186744,138015,21/06/2018,4,11,12,B_single_medication,A_no_medication
288834,191199,10/10/2019,5,8,0,A_no_medication,A_no_medication
224915,157233,05/04/2019,24,0,2,A_no_medication,A_no_medication
261359,178101,06/03/2020,0,3,1,B_single_medication,B_single_medication
77618,75543,26/08/2017,1,1,1,A_no_medication,A_no_medication
3321,30900,05/01/2017,15,2,0,B_single_medication,A_no_medication
215834,14556,08/05/2016,50,8,33,A_no_medication,B_single_medication
24427,46770,04/12/2017,3,9,7,C_comedication,B_single_medication
259584,176985,10/05/2019,15,9,11,B_single_medication,A_no_medication
92525,83349,24/11/2017,0,2,0,C_comedication,A_no_medication
176831,130197,08/06/2018,16,0,2,B_single_medication,A_no_medication
359017,244887,05/05/2021,9,8,19,B_single_medication,B_single_medication
165881,118497,09/04/2018,42,1,3,A_no_medication,A_no_medication
218489,155079,19/12/2018,21,0,11,A_no_medication,C_comedication
305157,214479,03/01/2020,8,29,0,B_single_medication,A_no_medication
259134,176631,06/06/2019,22,0,0,A_no_medication,A_no_medication
170608,123921,14/04/2018,96,69,2,A_no_medication,A_no_medication
377929,264003,07/10/2021,14,24,5,B_single_medication,A_no_medication
12052,36966,03/05/2017,0,4,2,C_comedication,A_no_medication
368522,1638,18/02/2019,52,5,0,A_no_medication,A_no_medication
170713,124053,05/06/2018,2,3,4,A_no_medication,A_no_medication
178521,131679,04/01/2019,28,30,1,A_no_medication,A_no_medication
171328,124677,20/04/2018,20,29,5,A_no_medication,A_no_medication
87627,81327,10/09/2017,50,1,0,B_single_medication,A_no_medication
281367,187875,11/01/2020,41,36,30,A_no_medication,A_no_medication
79346,76875,26/08/2017,64,28,73,A_no_medication,A_no_medication
4039,31584,11/05/2017,13,2,11,A_no_medication,A_no_medication
338210,233439,27/12/2021,0,8,3,A_no_medication,A_no_medication
363582,249429,15/05/2021,10,11,5,A_no_medication,A_no_medication
377802,263985,01/10/2021,52,9,19,B_single_medication,B_single_medication
36102,53337,10/04/2018,33,0,0,A_no_medication,A_no_medication
311282,217359,30/03/2020,1,0,2,A_no_medication,A_no_medication
325023,226419,30/07/2020,58,1,3,B_single_medication,A_no_medication
356683,243951,08/05/2021,7,4,0,A_no_medication,A_no_medication
143897,105669,21/03/2019,3,0,3,C_comedication,A_no_medication
389280,285627,04/11/2021,2,0,1,A_no_medication,A_no_medication
150309,108735,11/03/2018,2,1,0,A_no_medication,A_no_medication
335450,232593,05/09/2020,24,38,5,B_single_medication,A_no_medication
142036,105273,02/04/2018,9,0,5,B_single_medication,C_comedication
268369,181503,05/09/2020,11,12,13,A_no_medication,A_no_medication
5594,32754,12/01/2017,77,16,84,A_no_medication,B_single_medication
275149,185211,25/01/2020,0,2,8,B_single_medication,B_single_medication
221424,155919,26/08/2021,9,14,9,A_no_medication,B_single_medication
11186,36186,19/04/2017,10,19,7,C_comedication,A_no_medication
303888,20292,18/02/2021,34,0,3,B_single_medication,B_single_medication
64808,69453,03/12/2017,11,1,3,B_single_medication,B_single_medication
203703,145815,22/10/2018,0,3,4,A_no_medication,A_no_medication
236902,164103,15/03/2019,6,3,0,A_no_medication,B_single_medication
316556,220089,03/08/2020,24,31,0,A_no_medication,A_no_medication
285413,189705,04/02/2020,0,1,0,B_single_medication,A_no_medication
82491,78393,09/09/2017,33,11,4,A_no_medication,A_no_medication
23877,45630,11/06/2017,0,0,0,A_no_medication,A_no_medication
15159,38088,06/11/2017,0,0,0,C_comedication,A_no_medication
284180,189069,26/01/2020,30,33,0,A_no_medication,A_no_medication
355809,243399,05/05/2021,0,4,0,A_no_medication,A_no_medication
36549,53337,27/10/2019,27,20,3,A_no_medication,A_no_medication
63771,68871,22/06/2017,66,0,0,C_comedication,A_no_medication
83189,78933,05/09/2017,36,36,0,A_no_medication,A_no_medication
120084,98565,15/12/2017,1,3,2,B_single_medication,A_no_medication
324450,225873,13/04/2020,16,14,41,A_no_medication,B_single_medication
196787,142881,17/04/2019,29,4,2,A_no_medication,A_no_medication
38025,53799,08/06/2018,78,64,71,A_no_medication,A_no_medication
32663,4458,15/09/2016,8,3,0,B_single_medication,A_no_medication
97915,85407,25/10/2017,3,3,3,A_no_medication,B_single_medication
150484,108735,28/09/2020,2,2,2,A_no_medication,A_no_medication
39900,54327,06/08/2021,7,8,6,B_single_medication,A_no_medication
360629,246171,08/06/2021,76,68,77,A_no_medication,A_no_medication
91548,83133,09/11/2017,0,2,3,A_no_medication,A_no_medication
15690,38520,27/06/2017,7,9,10,B_single_medication,B_single_medication
136773,104019,28/12/2018,60,8,0,A_no_medication,B_single_medication
296415,194253,21/03/2020,12,27,7,C_comedication,A_no_medication
17030,3192,14/09/2017,0,0,0,A_no_medication,A_no_medication
29059,50529,11/06/2017,0,0,0,B_single_medication,B_single_medication
373350,260325,01/07/2021,30,7,53,C_comedication,B_single_medication
338516,233601,15/08/2020,4,2,1,A_no_medication,A_no_medication
308847,216015,11/05/2020,8,9,11,A_no_medication,B_single_medication
9556,34674,22/03/2017,3,2,0,A_no_medication,A_no_medication
258831,176457,07/05/2019,20,23,33,A_no_medication,A_no_medication
230757,160461,20/04/2019,19,5,11,B_single_medication,A_no_medication
183361,136821,15/06/2018,12,0,0,B_single_medication,A_no_medication
221930,156105,18/07/2020,12,0,0,A_no_medication,A_no_medication
256724,175347,08/05/2019,3,6,7,A_no_medication,A_no_medication
371704,258039,06/06/2021,64,39,15,C_comedication,A_no_medication
162642,116859,01/05/2018,1,1,1,A_no_medication,A_no_medication
224126,156939,27/03/2019,16,19,2,A_no_medication,A_no_medication
45609,56823,01/01/2018,1,0,0,A_no_medication,C_comedication
309790,216369,23/01/2020,27,2,1,B_single_medication,A_no_medication
116434,97161,19/11/2018,1,0,0,A_no_medication,A_no_medication
211872,150345,28/12/2018,29,0,3,A_no_medication,A_no_medication
383662,272985,18/10/2021,2,2,4,A_no_medication,A_no_medication
366193,251145,15/05/2021,17,0,0,A_no_medication,A_no_medication
200708,13722,07/05/2016,100,100,98,A_no_medication,A_no_medication
357374,244317,21/03/2021,91,63,0,B_single_medication,A_no_medication
301199,19428,29/05/2016,9,0,0,A_no_medication,A_no_medication
230053,160149,30/05/2020,4,3,8,A_no_medication,A_no_medication
65991,69765,05/05/2018,19,0,15,A_no_medication,A_no_medication
69011,70587,29/07/2017,16,44,11,C_comedication,A_no_medication
207148,146361,30/08/2018,41,4,0,B_single_medication,A_no_medication
321168,222459,15/04/2020,1,0,2,A_no_medication,A_no_medication
69062,70635,11/07/2017,46,0,0,C_comedication,A_no_medication
276559,185505,28/03/2020,16,0,0,A_no_medication,A_no_medication
239015,15732,14/05/2016,47,2,NA,A_no_medication,A_no_medication
300013,196737,08/09/2020,100,18,54,B_single_medication,C_comedication
388173,27624,09/12/2016,0,0,1,A_no_medication,A_no_medication
6856,33180,23/01/2017,49,0,18,A_no_medication,B_single_medication
114869,96075,21/02/2018,0,0,7,A_no_medication,A_no_medication
51963,60927,25/05/2017,11,0,32,C_comedication,B_single_medication
270600,182541,19/07/2019,10,0,3,B_single_medication,A_no_medication
350091,239967,18/04/2021,8,18,0,A_no_medication,A_no_medication
144551,105843,03/10/2018,3,12,7,A_no_medication,A_no_medication
119385,98133,29/12/2017,14,7,2,A_no_medication,A_no_medication
62618,6000,28/04/2019,51,53,35,C_comedication,C_comedication
193551,141813,10/07/2018,5,9,10,B_single_medication,B_single_medication
4276,31584,27/08/2018,5,2,0,A_no_medication,A_no_medication
78018,75921,06/08/2017,66,60,36,A_no_medication,A_no_medication
131026,102015,09/08/2018,4,1,1,B_single_medication,A_no_medication
103042,88269,24/05/2018,16,6,4,B_single_medication,A_no_medication
286712,190161,06/01/2020,4,2,0,A_no_medication,A_no_medication
373976,260805,06/09/2021,2,1,4,A_no_medication,A_no_medication
114356,95799,30/03/2019,38,25,31,C_comedication,A_no_medication
169108,121857,22/06/2019,14,2,1,C_comedication,A_no_medication
319727,221505,16/03/2020,6,2,2,B_single_medication,A_no_medication
36504,53337,07/09/2019,32,14,0,A_no_medication,A_no_medication
182768,136389,05/07/2018,0,3,9,C_comedication,C_comedication
290491,191817,21/11/2019,3,3,0,A_no_medication,A_no_medication
239592,165873,08/02/2021,10,28,0,C_comedication,A_no_medication
359929,245391,07/04/2021,54,1,7,B_single_medication,A_no_medication
110943,93885,05/06/2020,64,16,23,B_single_medication,A_no_medication
271945,183657,19/03/2020,0,3,0,A_no_medication,B_single_medication
60128,66165,06/06/2017,0,4,3,B_single_medication,A_no_medication
201720,145353,18/04/2021,29,9,3,B_single_medication,A_no_medication
324644,226113,13/04/2020,0,2,0,A_no_medication,A_no_medication
289671,191595,06/02/2020,49,30,25,A_no_medication,A_no_medication
245811,169125,18/08/2019,27,4,3,A_no_medication,A_no_medication
115786,96969,07/08/2020,15,0,0,A_no_medication,A_no_medication
217355,154407,29/03/2019,6,0,0,B_single_medication,A_no_medication
33290,4458,14/06/2018,14,9,1,A_no_medication,A_no_medication
71688,72579,10/05/2018,0,2,2,C_comedication,A_no_medication
13891,37224,18/03/2017,2,14,3,C_comedication,B_single_medication
318558,220863,07/03/2021,16,10,2,C_comedication,A_no_medication
346301,237957,07/01/2021,1,10,10,A_no_medication,A_no_medication
258275,176061,05/09/2021,25,29,0,B_single_medication,A_no_medication
260182,177531,30/05/2020,11,14,12,C_comedication,B_single_medication
288536,191151,10/02/2021,19,6,9,C_comedication,B_single_medication
76399,74607,25/07/2017,13,12,22,C_comedication,B_single_medication
217448,154407,06/07/2019,3,2,6,B_single_medication,A_no_medication
108571,92151,05/11/2017,69,45,2,C_comedication,A_no_medication
309214,216015,18/06/2021,4,0,14,B_single_medication,A_no_medication
144583,105843,18/11/2018,68,0,64,C_comedication,B_single_medication
222622,156339,10/02/2019,36,22,0,A_no_medication,A_no_medication
53614,61725,27/05/2017,1,1,5,C_comedication,A_no_medication
217796,154647,25/01/2019,12,1,5,B_single_medication,A_no_medication
59735,65769,06/10/2019,8,0,0,A_no_medication,B_single_medication
184366,137223,14/03/2021,0,0,0,B_single_medication,A_no_medication
202693,145677,20/08/2018,68,75,64,B_single_medication,B_single_medication
278272,186453,02/11/2019,5,7,7,B_single_medication,A_no_medication
117985,97617,16/02/2018,0,2,0,A_no_medication,A_no_medication
305529,214791,13/01/2020,11,0,22,B_single_medication,B_single_medication
256654,175209,28/04/2019,24,23,18,B_single_medication,A_no_medication
359959,245433,29/03/2021,0,0,0,B_single_medication,B_single_medication
79527,76965,11/09/2017,54,56,46,B_single_medication,B_single_medication
144393,105843,21/03/2018,24,4,34,B_single_medication,A_no_medication
244497,168171,12/04/2019,27,30,0,A_no_medication,A_no_medication
329173,229455,06/07/2021,20,20,11,B_single_medication,A_no_medication
375679,262335,09/10/2021,16,10,25,B_single_medication,B_single_medication
250040,171201,29/03/2019,98,26,6,B_single_medication,B_single_medication
150171,108561,01/05/2018,54,54,66,C_comedication,A_no_medication
127687,100749,19/01/2018,47,1,0,A_no_medication,A_no_medication
393928,2076,26/12/2015,3,3,NA,A_no_medication,A_no_medication
21709,44358,30/08/2017,7,9,0,C_comedication,A_no_medication
376491,262983,18/07/2021,46,56,62,A_no_medication,B_single_medication
253336,173025,30/04/2019,0,0,0,A_no_medication,A_no_medication
256490,175101,14/05/2021,12,18,9,A_no_medication,A_no_medication
208548,147609,28/05/2020,10,9,12,B_single_medication,B_single_medication
388380,27624,08/09/2017,0,3,2,A_no_medication,A_no_medication
280835,17964,20/08/2016,0,6,9,A_no_medication,A_no_medication
98827,85941,17/11/2017,0,0,0,A_no_medication,A_no_medication
117098,97353,29/12/2017,6,4,0,B_single_medication,A_no_medication
299838,196737,08/02/2020,90,42,71,B_single_medication,C_comedication
240584,166233,06/05/2019,9,1,4,C_comedication,A_no_medication
255864,175047,17/04/2020,13,21,17,B_single_medication,B_single_medication
337725,233409,30/03/2021,47,26,5,B_single_medication,B_single_medication
188305,138831,05/11/2018,13,17,34,A_no_medication,A_no_medication
138035,104583,15/02/2018,20,12,8,A_no_medication,A_no_medication
370320,255627,01/06/2021,59,98,7,C_comedication,A_no_medication
240298,166053,07/03/2019,21,7,4,C_comedication,A_no_medication
306482,215253,16/10/2020,45,6,0,B_single_medication,A_no_medication
158759,113823,15/05/2018,12,1,0,A_no_medication,A_no_medication
38514,53967,02/06/2017,71,34,6,B_single_medication,A_no_medication
280515,187365,06/12/2019,0,0,1,B_single_medication,A_no_medication
213931,151929,07/11/2018,70,100,53,C_comedication,A_no_medication
173601,127017,19/04/2018,70,11,4,C_comedication,A_no_medication
183070,136563,12/06/2018,8,19,31,A_no_medication,A_no_medication
377346,263703,30/07/2021,14,13,5,A_no_medication,A_no_medication
158386,113733,08/04/2018,43,57,68,B_single_medication,A_no_medication
27366,48915,19/04/2017,78,35,99,C_comedication,A_no_medication
80590,77223,07/03/2021,11,7,16,A_no_medication,B_single_medication
58663,65475,25/05/2020,14,31,4,A_no_medication,C_comedication
15251,38088,15/02/2018,2,2,4,B_single_medication,A_no_medication
61933,67557,19/06/2017,47,25,0,A_no_medication,B_single_medication
95115,83973,29/12/2018,2,2,0,A_no_medication,A_no_medication
233386,161367,07/05/2019,31,37,3,A_no_medication,A_no_medication
249810,171063,15/02/2021,6,5,0,A_no_medication,A_no_medication
272849,184083,01/08/2019,14,7,16,A_no_medication,C_comedication
130495,101889,24/09/2018,12,17,10,B_single_medication,A_no_medication
170843,124053,16/10/2018,0,2,2,A_no_medication,A_no_medication
197963,143457,02/12/2018,78,57,55,B_single_medication,A_no_medication
252545,172605,11/04/2020,60,7,6,B_single_medication,A_no_medication
247176,169521,19/03/2019,98,99,43,A_no_medication,A_no_medication
387476,27438,24/04/2017,0,0,4,C_comedication,B_single_medication
141084,105045,15/03/2018,0,3,0,A_no_medication,A_no_medication
304370,213639,21/12/2019,29,0,2,A_no_medication,A_no_medication
217119,154251,11/04/2020,12,8,2,B_single_medication,A_no_medication
267450,180819,04/09/2019,5,3,6,A_no_medication,A_no_medication
140614,105015,24/03/2018,0,0,1,A_no_medication,A_no_medication
335029,232383,13/06/2021,43,46,49,B_single_medication,C_comedication
174686,128445,03/05/2018,13,2,0,B_single_medication,A_no_medication
150251,108681,06/05/2018,0,11,7,B_single_medication,C_comedication
277409,185841,17/08/2019,8,1,0,A_no_medication,B_single_medication
96256,84393,30/09/2018,18,24,17,A_no_medication,A_no_medication
147210,107049,19/08/2019,38,28,25,C_comedication,B_single_medication
11872,36900,29/04/2018,37,12,42,B_single_medication,B_single_medication
31596,52353,01/05/2017,0,1,0,A_no_medication,B_single_medication
16003,39036,04/04/2017,75,1,9,B_single_medication,B_single_medication
285586,189759,25/10/2019,3,1,0,A_no_medication,A_no_medication
99404,86019,25/01/2018,1,3,0,A_no_medication,A_no_medication
34039,52749,14/11/2017,4,10,11,A_no_medication,A_no_medication
35480,53301,22/12/2017,15,13,3,A_no_medication,A_no_medication
315193,219621,14/02/2020,46,47,40,A_no_medication,A_no_medication
15681,38520,10/06/2017,4,0,0,B_single_medication,A_no_medication
179103,132237,11/06/2018,18,19,4,C_comedication,C_comedication
268923,181779,03/10/2019,19,7,17,B_single_medication,A_no_medication
265272,179877,21/03/2020,7,2,0,B_single_medication,A_no_medication
372056,258321,10/06/2021,7,11,34,B_single_medication,A_no_medication
119664,98523,30/04/2018,29,1,12,C_comedication,A_no_medication
339675,233985,16/08/2020,30,4,1,A_no_medication,A_no_medication
66795,69915,30/01/2021,11,4,2,A_no_medication,A_no_medication
244029,167973,11/07/2021,9,20,15,A_no_medication,A_no_medication
339560,233961,21/09/2021,9,0,2,B_single_medication,A_no_medication
327335,228597,27/05/2021,0,0,0,A_no_medication,A_no_medication
243652,167973,24/12/2019,5,0,9,A_no_medication,A_no_medication
359355,244971,30/05/2021,15,1,0,B_single_medication,C_comedication
263805,179103,14/10/2021,15,10,0,B_single_medication,A_no_medication
203894,145845,11/11/2018,18,19,0,A_no_medication,A_no_medication
195434,142575,29/09/2019,5,1,2,B_single_medication,A_no_medication
385216,276699,26/09/2021,6,7,19,A_no_medication,A_no_medication
152295,109251,18/03/2018,3,4,0,C_comedication,C_comedication
116864,97227,07/01/2018,1,4,0,B_single_medication,A_no_medication
353709,241845,11/04/2021,10,14,25,B_single_medication,C_comedication
353326,241707,27/08/2021,75,85,80,C_comedication,B_single_medication
58335,65475,26/02/2018,10,6,30,A_no_medication,B_single_medication
335965,232803,11/11/2020,8,0,0,B_single_medication,A_no_medication
68029,70005,27/03/2021,0,0,0,A_no_medication,A_no_medication
5867,32874,01/04/2017,10,0,0,C_comedication,B_single_medication
354493,242295,16/06/2021,0,0,3,A_no_medication,A_no_medication
179665,132555,28/08/2018,27,27,29,A_no_medication,A_no_medication
303733,20292,20/07/2020,0,0,16,B_single_medication,B_single_medication
158325,113673,22/04/2018,8,4,3,B_single_medication,A_no_medication
355849,243399,01/07/2021,0,2,0,A_no_medication,A_no_medication
171080,124209,05/07/2018,21,26,53,B_single_medication,B_single_medication
74160,73923,28/07/2017,65,41,13,A_no_medication,A_no_medication
143349,105597,13/05/2018,50,57,62,B_single_medication,A_no_medication
208920,147963,03/10/2018,11,9,0,C_comedication,A_no_medication
272893,184083,20/09/2019,15,10,12,A_no_medication,C_comedication
126321,100545,18/03/2018,3,0,0,B_single_medication,A_no_medication
132039,102495,29/01/2018,82,84,84,B_single_medication,A_no_medication
172274,126099,25/04/2018,41,23,2,C_comedication,A_no_medication
200629,145251,26/09/2020,1,2,2,A_no_medication,C_comedication
7754,33876,03/07/2017,8,3,1,B_single_medication,A_no_medication
61746,67395,11/08/2017,1,0,0,A_no_medication,A_no_medication
122262,99171,13/10/2018,0,2,0,C_comedication,A_no_medication
245026,168591,22/05/2020,0,0,2,B_single_medication,A_no_medication
179670,132555,23/10/2018,33,51,19,A_no_medication,A_no_medication
114749,95985,22/09/2021,31,39,50,A_no_medication,A_no_medication
82167,78087,18/08/2017,0,0,0,A_no_medication,A_no_medication
194760,142431,17/08/2018,88,82,58,A_no_medication,A_no_medication
94474,83721,22/03/2019,19,2,0,A_no_medication,A_no_medication
17715,41550,24/03/2017,7,15,0,B_single_medication,A_no_medication
282438,188283,01/04/2021,13,0,1,B_single_medication,C_comedication
85593,7230,16/05/2016,28,21,2,B_single_medication,A_no_medication
390065,287973,13/11/2021,28,29,0,A_no_medication,A_no_medication
124563,99843,28/07/2018,2,0,0,A_no_medication,A_no_medication
393432,2064,25/12/2015,40,25,NA,A_no_medication,A_no_medication
337221,233277,30/07/2020,23,34,0,C_comedication,A_no_medication
150094,108453,10/06/2018,26,2,2,A_no_medication,A_no_medication
28641,4206,19/03/2016,1,0,1,A_no_medication,A_no_medication
249170,171063,08/04/2019,0,3,0,A_no_medication,A_no_medication
344965,236745,01/11/2020,6,30,0,B_single_medication,A_no_medication
254058,173523,02/08/2020,7,24,4,B_single_medication,B_single_medication
388102,27624,26/09/2016,11,5,1,A_no_medication,A_no_medication
220512,155751,07/09/2021,16,0,0,A_no_medication,A_no_medication
97793,85317,20/07/2020,6,4,7,A_no_medication,A_no_medication
177101,130401,28/04/2018,18,53,6,C_comedication,A_no_medication
143554,9750,24/02/2018,19,20,15,A_no_medication,A_no_medication
391855,291441,27/11/2021,7,2,1,A_no_medication,A_no_medication
172495,126237,16/05/2018,84,67,70,A_no_medication,A_no_medication
2597,30384,24/03/2019,37,43,0,B_single_medication,A_no_medication
140712,105015,25/09/2018,0,0,1,A_no_medication,A_no_medication
192663,13296,26/10/2021,26,63,14,B_single_medication,B_single_medication
197178,143103,13/08/2018,15,12,10,A_no_medication,A_no_medication
38190,53871,20/06/2017,22,32,11,A_no_medication,A_no_medication
49400,58953,29/11/2017,25,9,4,B_single_medication,A_no_medication
195571,142575,17/02/2020,2,7,8,B_single_medication,A_no_medication
347250,238233,27/11/2020,55,49,4,B_single_medication,A_no_medication
266962,180375,23/09/2019,13,19,3,A_no_medication,A_no_medication
187253,138333,10/06/2020,89,76,9,A_no_medication,A_no_medication
41848,54897,09/03/2018,16,7,1,A_no_medication,A_no_medication
294142,193533,10/08/2020,6,0,4,A_no_medication,A_no_medication
365877,250971,10/07/2021,6,1,9,B_single_medication,B_single_medication
88828,81939,30/09/2017,74,1,3,A_no_medication,A_no_medication
266512,180183,14/07/2019,46,52,21,C_comedication,A_no_medication
71347,72447,22/09/2017,3,2,0,B_single_medication,A_no_medication
331194,231255,12/10/2020,0,0,3,B_single_medication,A_no_medication
353597,241779,10/03/2021,11,0,0,A_no_medication,A_no_medication
25345,47622,17/04/2017,0,0,32,A_no_medication,A_no_medication
74115,73911,25/05/2018,67,58,61,B_single_medication,A_no_medication
26889,48609,18/05/2018,2,0,0,A_no_medication,A_no_medication
190455,140205,16/06/2020,20,29,4,C_comedication,A_no_medication
129937,101643,13/05/2018,1,1,1,B_single_medication,A_no_medication
321274,222555,28/03/2020,0,0,0,A_no_medication,A_no_medication
22655,44952,11/04/2017,0,0,0,C_comedication,A_no_medication
163947,117819,29/04/2018,49,9,0,B_single_medication,A_no_medication
16242,3138,08/05/2016,18,31,8,A_no_medication,B_single_medication
29063,50529,09/07/2017,0,0,0,B_single_medication,B_single_medication
25481,47670,15/04/2017,18,6,3,B_single_medication,A_no_medication
384455,274869,29/11/2021,69,15,0,B_single_medication,A_no_medication
321036,222417,11/05/2020,46,3,0,A_no_medication,A_no_medication
353641,241827,15/04/2021,16,14,0,B_single_medication,A_no_medication
25721,47916,15/04/2017,47,28,21,A_no_medication,A_no_medication
171457,124959,15/04/2018,30,34,0,A_no_medication,A_no_medication
62772,6000,26/05/2021,25,61,14,C_comedication,C_comedication
58094,65163,03/06/2017,2,26,20,C_comedication,A_no_medication
133189,103017,10/04/2018,1,8,3,B_single_medication,A_no_medication
367628,1638,20/11/2015,0,0,6,A_no_medication,A_no_medication
279576,186957,30/09/2021,25,31,23,A_no_medication,A_no_medication
153054,109923,03/06/2018,0,0,37,B_single_medication,B_single_medication
59056,65475,06/09/2021,18,19,8,B_single_medication,C_comedication
308539,215985,27/02/2020,7,0,6,A_no_medication,A_no_medication
125463,100407,12/06/2019,1,0,1,A_no_medication,B_single_medication
326343,227811,16/06/2020,36,12,17,C_comedication,A_no_medication
274585,184713,29/07/2019,7,1,2,C_comedication,C_comedication
75725,74409,16/02/2020,0,0,0,A_no_medication,A_no_medication
332026,231597,12/11/2020,0,0,3,A_no_medication,A_no_medication
358606,244701,22/10/2021,7,5,8,A_no_medication,A_no_medication
205966,146187,19/10/2018,3,1,0,A_no_medication,A_no_medication
253190,16470,01/06/2016,40,35,1,C_comedication,A_no_medication
315713,219711,12/08/2021,25,33,29,A_no_medication,B_single_medication
27250,48861,22/04/2017,26,30,0,A_no_medication,A_no_medication
56656,63987,19/01/2018,11,0,0,A_no_medication,B_single_medication
221715,156105,17/02/2019,20,4,1,A_no_medication,A_no_medication
154266,110535,08/01/2019,12,6,6,B_single_medication,A_no_medication
15021,38088,11/06/2017,0,0,0,A_no_medication,A_no_medication
383202,272127,28/08/2021,98,6,92,B_single_medication,C_comedication
284924,189537,17/09/2019,4,1,3,A_no_medication,A_no_medication
2338,30300,04/08/2017,0,0,0,A_no_medication,A_no_medication
289122,191283,23/11/2019,13,3,0,B_single_medication,A_no_medication
224093,156939,05/02/2019,2,8,0,A_no_medication,A_no_medication
313664,218601,21/02/2020,20,2,21,C_comedication,B_single_medication
202811,145713,22/08/2018,62,7,10,B_single_medication,A_no_medication
53826,62019,08/09/2017,1,2,1,A_no_medication,A_no_medication
300147,196737,07/02/2021,34,47,77,B_single_medication,B_single_medication
57304,64479,03/10/2017,4,0,3,A_no_medication,B_single_medication
157328,112749,24/04/2018,39,30,1,A_no_medication,A_no_medication
228361,159639,11/03/2019,2,0,2,C_comedication,A_no_medication
113660,95727,13/07/2018,38,17,19,A_no_medication,A_no_medication
106141,89991,16/02/2019,26,28,3,A_no_medication,A_no_medication
19628,43662,07/07/2017,13,0,2,B_single_medication,A_no_medication
367798,1638,17/09/2016,8,0,2,A_no_medication,A_no_medication
8951,34368,29/03/2017,0,4,0,A_no_medication,A_no_medication
214029,152085,22/11/2018,32,9,7,A_no_medication,A_no_medication
59198,65547,05/07/2017,27,14,40,A_no_medication,A_no_medication
266047,180057,08/06/2019,15,4,0,B_single_medication,B_single_medication
106157,89991,04/03/2019,59,34,0,A_no_medication,A_no_medication
152447,109353,07/04/2018,79,76,0,B_single_medication,A_no_medication
237985,164709,21/07/2019,0,3,0,B_single_medication,A_no_medication
105022,89403,02/03/2018,0,5,0,B_single_medication,B_single_medication
198450,143709,24/09/2018,3,4,23,C_comedication,C_comedication
112086,95115,07/09/2018,0,0,1,A_no_medication,A_no_medication
192738,141123,15/07/2018,27,18,2,A_no_medication,A_no_medication
237802,164631,27/02/2019,9,0,16,A_no_medication,A_no_medication
251790,172239,17/05/2019,21,62,0,C_comedication,A_no_medication
63897,68955,28/07/2017,0,3,0,A_no_medication,A_no_medication
57812,64821,06/06/2017,39,11,0,B_single_medication,A_no_medication
2552,30360,18/11/2016,55,6,12,A_no_medication,A_no_medication
180631,133791,27/05/2018,45,46,48,B_single_medication,B_single_medication
350923,240603,06/02/2021,8,13,2,A_no_medication,A_no_medication
309657,216291,05/02/2020,9,5,91,A_no_medication,A_no_medication
300102,196737,22/12/2020,42,36,51,B_single_medication,C_comedication
62529,6000,03/05/2016,75,64,49,C_comedication,C_comedication
336068,232815,09/09/2020,39,37,2,C_comedication,A_no_medication
175427,129327,24/07/2018,31,33,0,C_comedication,A_no_medication
41817,54897,20/05/2017,38,18,0,A_no_medication,A_no_medication
158786,113847,25/03/2018,84,19,0,A_no_medication,A_no_medication
181232,134265,06/06/2020,47,44,0,B_single_medication,A_no_medication
13913,37224,22/04/2017,0,3,0,A_no_medication,A_no_medication
112518,95193,21/05/2018,19,19,17,A_no_medication,A_no_medication
394299,2076,21/01/2017,9,0,0,A_no_medication,A_no_medication
62635,6000,25/05/2019,13,7,6,B_single_medication,B_single_medication
294594,193539,17/06/2021,28,31,2,B_single_medication,A_no_medication
3397,30912,24/12/2016,0,0,3,A_no_medication,A_no_medication
232134,160983,11/09/2019,0,3,0,A_no_medication,A_no_medication
248492,170415,24/03/2019,46,52,0,A_no_medication,A_no_medication
67155,70005,13/01/2018,3,0,0,A_no_medication,A_no_medication
346439,237957,20/06/2021,4,27,18,A_no_medication,A_no_medication
172702,126237,05/01/2019,2,0,11,A_no_medication,A_no_medication
327601,228813,18/07/2020,1,4,0,A_no_medication,A_no_medication
391706,291231,25/11/2021,19,1,4,A_no_medication,A_no_medication
315603,219711,14/02/2021,31,33,35,A_no_medication,B_single_medication
353037,241611,24/03/2021,4,0,0,B_single_medication,A_no_medication
394107,2076,02/07/2016,15,0,0,A_no_medication,A_no_medication
144337,105807,16/11/2019,2,0,1,A_no_medication,B_single_medication
307619,215535,27/06/2020,21,10,0,A_no_medication,A_no_medication
82876,78723,06/10/2017,12,23,1,C_comedication,A_no_medication
143238,105579,03/09/2018,2,0,1,A_no_medication,A_no_medication
71518,72489,02/08/2017,4,1,3,A_no_medication,A_no_medication
58658,65475,18/05/2020,14,35,14,A_no_medication,C_comedication
394940,2082,12/01/2016,21,24,NA,A_no_medication,A_no_medication
293035,193083,05/01/2020,19,5,30,B_single_medication,A_no_medication
208392,147309,19/11/2018,0,4,0,A_no_medication,A_no_medication
237592,164625,05/09/2019,0,4,2,B_single_medication,A_no_medication
365804,250959,24/05/2021,4,1,0,B_single_medication,A_no_medication
366603,251445,21/11/2021,9,1,2,B_single_medication,A_no_medication
328455,229113,24/05/2020,10,5,2,C_comedication,C_comedication
187752,138483,29/06/2018,11,13,11,A_no_medication,A_no_medication
112279,95115,09/07/2019,0,2,3,A_no_medication,A_no_medication
293496,193497,25/11/2019,20,15,19,A_no_medication,B_single_medication
311093,217215,29/02/2020,47,0,31,B_single_medication,A_no_medication
53216,61485,03/11/2017,0,3,1,B_single_medication,B_single_medication
227222,158841,15/01/2020,51,96,51,C_comedication,C_comedication
290915,191943,09/06/2020,1,0,0,A_no_medication,A_no_medication
111007,48,08/04/2016,77,81,NA,B_single_medication,A_no_medication
16093,39168,09/04/2017,36,3,0,B_single_medication,A_no_medication
349845,239745,26/07/2021,26,15,0,B_single_medication,A_no_medication
298423,195267,14/12/2019,1,0,4,C_comedication,B_single_medication
183422,136821,24/08/2018,9,4,5,B_single_medication,B_single_medication
81834,6942,29/04/2016,0,3,0,C_comedication,A_no_medication
209335,148545,26/02/2019,45,16,0,A_no_medication,A_no_medication
179885,132777,02/09/2018,9,19,14,A_no_medication,B_single_medication
157873,113337,01/05/2018,3,4,0,C_comedication,A_no_medication
296771,194307,03/06/2020,32,17,0,C_comedication,A_no_medication
309059,216015,11/01/2021,4,0,17,A_no_medication,B_single_medication
305180,214587,02/01/2020,28,0,3,A_no_medication,A_no_medication
220092,155751,20/06/2020,14,3,0,A_no_medication,A_no_medication
365835,250971,28/05/2021,9,5,8,B_single_medication,B_single_medication
109853,93147,30/11/2018,3,4,0,A_no_medication,A_no_medication
343051,236049,02/07/2021,0,2,0,A_no_medication,A_no_medication
165665,118437,02/03/2020,14,12,38,C_comedication,B_single_medication
311060,217191,26/01/2020,4,0,43,B_single_medication,B_single_medication
385300,276927,12/09/2021,97,1,0,A_no_medication,A_no_medication
139156,104679,15/06/2018,0,0,2,A_no_medication,A_no_medication
97403,85221,08/11/2017,0,8,9,A_no_medication,C_comedication
196924,142881,28/09/2019,14,0,3,A_no_medication,A_no_medication
330354,230427,22/06/2020,3,3,2,A_no_medication,A_no_medication
102998,88269,15/03/2018,4,1,0,A_no_medication,A_no_medication
321712,222957,18/03/2020,27,88,67,A_no_medication,B_single_medication
292484,192789,06/05/2020,0,1,2,A_no_medication,A_no_medication
200021,144819,01/05/2021,20,9,9,B_single_medication,A_no_medication
250406,171405,12/06/2019,31,8,8,A_no_medication,A_no_medication
114052,95745,10/09/2018,3,0,0,A_no_medication,A_no_medication
385739,277785,01/10/2021,2,5,3,A_no_medication,A_no_medication
374665,261615,03/08/2021,76,82,77,A_no_medication,A_no_medication
112575,95193,23/07/2018,28,12,6,A_no_medication,A_no_medication
375382,262095,29/06/2021,5,0,4,B_single_medication,A_no_medication
166879,119403,14/04/2018,34,37,3,C_comedication,A_no_medication
264240,179271,24/06/2020,12,45,0,B_single_medication,A_no_medication
324966,226419,28/04/2020,69,36,0,C_comedication,A_no_medication
377360,263703,20/08/2021,8,2,1,A_no_medication,A_no_medication
99793,86205,12/11/2017,0,2,4,A_no_medication,A_no_medication
193651,141981,17/07/2018,1,0,10,B_single_medication,B_single_medication
256362,175047,27/09/2021,8,31,14,A_no_medication,B_single_medication
289173,191373,21/10/2019,39,13,0,B_single_medication,A_no_medication
230979,160749,30/01/2019,46,15,13,A_no_medication,A_no_medication
160327,115257,15/05/2018,2,2,0,A_no_medication,A_no_medication
228964,160047,19/05/2019,10,5,22,B_single_medication,B_single_medication
242266,166785,21/05/2020,49,54,60,A_no_medication,A_no_medication
246432,169149,10/02/2021,2,0,4,A_no_medication,C_comedication
170865,124053,08/11/2018,2,0,2,A_no_medication,A_no_medication
211930,150345,13/03/2019,45,0,0,A_no_medication,A_no_medication
128909,101283,16/09/2018,0,0,0,A_no_medication,A_no_medication
79982,77103,09/02/2018,77,26,0,B_single_medication,A_no_medication
380224,266259,22/07/2021,13,1,3,B_single_medication,A_no_medication
314759,219501,23/02/2020,10,0,0,B_single_medication,A_no_medication
351180,240615,12/03/2021,14,0,1,A_no_medication,A_no_medication
85179,80103,15/09/2017,6,0,1,C_comedication,B_single_medication
320009,221667,12/10/2020,9,9,5,A_no_medication,A_no_medication
63064,68403,31/08/2017,0,3,0,A_no_medication,A_no_medication
48740,58527,15/01/2018,4,3,0,A_no_medication,A_no_medication
325229,226653,13/05/2020,8,0,0,B_single_medication,A_no_medication
172263,126075,15/04/2019,51,23,81,B_single_medication,A_no_medication
233972,161817,06/05/2019,26,3,0,A_no_medication,A_no_medication
328333,229065,02/06/2021,11,4,13,C_comedication,B_single_medication
99724,86097,09/10/2017,1,3,0,A_no_medication,A_no_medication
274152,17628,07/07/2016,87,8,0,A_no_medication,A_no_medication
354412,242253,28/03/2021,48,6,1,A_no_medication,A_no_medication
88149,81585,10/09/2017,37,38,1,B_single_medication,A_no_medication
7456,33582,18/02/2017,13,0,1,B_single_medication,B_single_medication
80973,77439,19/02/2018,4,0,0,A_no_medication,A_no_medication
244698,168219,29/09/2019,0,0,1,A_no_medication,A_no_medication
107937,90963,30/10/2017,23,1,2,B_single_medication,A_no_medication
98361,85545,10/11/2017,6,11,0,A_no_medication,A_no_medication
102772,87609,26/04/2020,0,0,0,A_no_medication,A_no_medication
32873,4458,13/04/2017,33,19,0,C_comedication,A_no_medication
325538,226851,23/04/2020,0,3,3,A_no_medication,A_no_medication
309164,216015,28/04/2021,3,2,16,B_single_medication,A_no_medication
123848,99723,23/01/2018,9,1,13,A_no_medication,B_single_medication
187664,138423,27/07/2020,0,3,10,A_no_medication,B_single_medication
328680,22116,26/07/2016,14,6,1,C_comedication,A_no_medication
103345,88455,26/11/2017,0,0,0,A_no_medication,A_no_medication
153308,109929,19/08/2018,8,3,1,A_no_medication,A_no_medication
309903,216489,20/01/2020,78,76,75,C_comedication,A_no_medication
270348,182373,23/07/2020,0,4,3,A_no_medication,A_no_medication
149460,108201,26/02/2018,12,3,0,A_no_medication,A_no_medication
227893,15108,23/02/2020,23,19,51,C_comedication,A_no_medication
278464,17850,26/06/2016,59,17,16,B_single_medication,A_no_medication
266883,180375,19/06/2019,20,29,2,C_comedication,A_no_medication
88898,81951,28/11/2017,29,65,0,A_no_medication,A_no_medication
300838,197535,13/04/2020,37,43,42,A_no_medication,A_no_medication
352096,241179,07/12/2021,26,24,25,B_single_medication,A_no_medication
240484,15804,01/09/2016,46,3,15,C_comedication,A_no_medication
145283,106257,12/07/2018,1,0,0,B_single_medication,A_no_medication
273668,184347,21/07/2020,6,2,0,B_single_medication,B_single_medication
331230,231255,02/01/2021,0,3,4,B_single_medication,A_no_medication
121429,98937,20/04/2019,98,19,75,C_comedication,A_no_medication
330677,230769,24/06/2020,63,0,2,A_no_medication,A_no_medication
188934,139419,17/07/2018,0,3,0,A_no_medication,A_no_medication
314839,219537,10/03/2020,9,6,2,C_comedication,A_no_medication
305314,20664,22/01/2018,29,3,1,C_comedication,B_single_medication
363415,249141,26/05/2021,0,0,2,B_single_medication,A_no_medication
392249,292737,19/12/2021,4,2,2,A_no_medication,A_no_medication
83577,79149,17/05/2018,33,29,4,A_no_medication,A_no_medication
289357,191505,05/03/2020,0,0,6,B_single_medication,B_single_medication
201737,145353,05/05/2021,18,0,3,B_single_medication,A_no_medication
172541,126237,07/07/2018,40,59,67,A_no_medication,A_no_medication
340910,234783,09/09/2020,25,7,1,A_no_medication,A_no_medication
124969,100317,14/01/2018,7,8,19,A_no_medication,A_no_medication
183273,136713,26/05/2018,5,5,2,A_no_medication,A_no_medication
92776,83433,25/11/2017,72,34,0,A_no_medication,A_no_medication
381235,267471,31/10/2021,27,11,1,B_single_medication,A_no_medication
291570,192273,09/05/2020,29,6,25,C_comedication,B_single_medication
71489,72447,23/04/2018,0,0,3,B_single_medication,A_no_medication
120951,98679,01/03/2018,9,0,4,A_no_medication,A_no_medication
175927,129621,29/07/2018,0,0,0,A_no_medication,A_no_medication
351583,240909,13/02/2021,7,8,3,A_no_medication,A_no_medication
322182,223695,24/04/2020,4,1,8,C_comedication,B_single_medication
366634,251481,01/07/2021,40,8,0,A_no_medication,A_no_medication
389133,285267,27/10/2021,69,49,39,C_comedication,A_no_medication
81783,6936,04/05/2016,17,9,NA,B_single_medication,A_no_medication
132574,102945,12/02/2018,16,3,0,C_comedication,A_no_medication
28649,4206,27/03/2016,0,4,NA,A_no_medication,A_no_medication
58087,65151,16/07/2017,15,1,0,A_no_medication,A_no_medication
273565,184347,09/04/2020,11,5,7,B_single_medication,B_single_medication
230689,160449,04/04/2019,0,0,2,B_single_medication,B_single_medication
144092,105723,22/04/2018,0,1,0,A_no_medication,A_no_medication
375353,262077,15/11/2021,10,11,9,A_no_medication,A_no_medication
214327,152193,01/07/2019,12,16,13,C_comedication,B_single_medication
355839,243399,14/06/2021,2,2,1,B_single_medication,A_no_medication
261152,178089,25/10/2019,14,20,19,C_comedication,A_no_medication
65183,69453,14/06/2019,27,3,0,B_single_medication,B_single_medication
317628,220497,29/02/2020,66,53,54,C_comedication,A_no_medication
305146,214413,18/12/2021,5,9,3,A_no_medication,A_no_medication
260717,177927,23/07/2019,1,2,4,A_no_medication,A_no_medication
207175,146361,26/09/2018,6,0,0,A_no_medication,A_no_medication
299945,196737,09/06/2020,33,16,19,B_single_medication,C_comedication
162307,116391,06/05/2018,0,0,2,A_no_medication,A_no_medication
316402,220005,25/05/2021,30,8,0,B_single_medication,A_no_medication
214708,152439,07/02/2019,0,6,5,A_no_medication,A_no_medication
354075,241941,04/12/2021,85,0,3,A_no_medication,A_no_medication
1096,304299,29/12/2021,96,35,12,A_no_medication,A_no_medication
218911,155217,23/07/2020,26,0,27,B_single_medication,A_no_medication
199317,144807,21/09/2018,12,10,15,A_no_medication,A_no_medication
213563,151599,03/05/2019,11,42,8,C_comedication,A_no_medication
206970,146253,25/09/2021,30,22,25,A_no_medication,A_no_medication
113088,95535,30/04/2018,0,0,0,A_no_medication,A_no_medication
74990,74409,29/08/2017,0,0,3,A_no_medication,A_no_medication
287617,190719,31/01/2020,27,15,0,A_no_medication,A_no_medication
99625,86019,25/02/2019,0,2,0,A_no_medication,A_no_medication
246140,169149,04/01/2020,8,15,9,A_no_medication,C_comedication
239207,165873,10/04/2019,3,28,0,C_comedication,A_no_medication
155171,110871,01/06/2018,4,4,5,A_no_medication,A_no_medication
276628,185505,13/07/2020,6,10,2,A_no_medication,A_no_medication
62708,6000,19/10/2019,71,18,41,C_comedication,C_comedication
115517,96969,16/05/2019,4,6,1,B_single_medication,A_no_medication
53257,61485,23/12/2017,1,2,1,A_no_medication,B_single_medication
187151,138255,23/11/2018,13,8,19,A_no_medication,A_no_medication
1754,30030,13/02/2017,0,0,1,A_no_medication,A_no_medication
176992,130197,20/03/2019,0,4,0,A_no_medication,A_no_medication
306995,215313,01/03/2020,26,23,15,A_no_medication,A_no_medication
281707,188097,16/09/2019,18,1,28,A_no_medication,A_no_medication
257176,175425,05/08/2019,17,0,2,A_no_medication,A_no_medication
4709,32016,29/01/2017,58,1,4,B_single_medication,A_no_medication
291929,192561,19/01/2020,50,5,34,B_single_medication,C_comedication
111511,94443,23/08/2018,19,0,3,A_no_medication,A_no_medication
272477,183939,02/02/2021,1,0,0,C_comedication,A_no_medication
59807,65769,22/11/2021,8,0,5,A_no_medication,A_no_medication
102011,86871,31/08/2019,31,15,5,C_comedication,A_no_medication
274957,184905,07/08/2019,16,18,0,A_no_medication,A_no_medication
291452,192273,27/11/2019,11,7,3,C_comedication,B_single_medication
209120,14028,27/05/2016,3,8,5,B_single_medication,A_no_medication
189249,139437,19/02/2019,0,3,0,A_no_medication,B_single_medication
98644,85785,09/10/2017,9,13,11,B_single_medication,A_no_medication
352608,241509,08/03/2021,1,0,8,C_comedication,B_single_medication
250070,171237,19/04/2019,0,0,3,A_no_medication,B_single_medication
253368,173025,03/06/2019,1,0,6,A_no_medication,A_no_medication
168645,121833,17/05/2018,45,64,6,A_no_medication,A_no_medication
270231,182373,23/03/2020,21,7,0,A_no_medication,A_no_medication
337533,22524,30/06/2016,12,2,2,B_single_medication,A_no_medication
320124,221667,01/06/2021,19,19,19,B_single_medication,A_no_medication
212510,14286,08/05/2016,66,3,NA,A_no_medication,A_no_medication
293099,193173,15/12/2019,42,22,26,A_no_medication,A_no_medication
153752,110289,12/04/2018,3,3,4,A_no_medication,A_no_medication
81777,6936,14/04/2016,35,0,NA,A_no_medication,A_no_medication
63888,68955,18/07/2017,0,10,1,A_no_medication,A_no_medication
58955,65475,09/05/2021,15,16,7,A_no_medication,C_comedication
127466,100623,14/01/2018,57,1,46,B_single_medication,B_single_medication
208868,147831,15/09/2018,10,1,3,B_single_medication,B_single_medication
386646,280647,01/10/2021,51,18,2,A_no_medication,A_no_medication
42263,55041,12/08/2017,15,0,0,C_comedication,A_no_medication
370060,255213,28/05/2021,100,100,76,C_comedication,B_single_medication
345681,237471,26/02/2021,29,2,0,B_single_medication,A_no_medication
370558,255915,07/06/2021,2,15,0,A_no_medication,A_no_medication
47927,57741,28/05/2017,64,69,51,A_no_medication,A_no_medication
169759,122925,16/04/2018,90,83,88,A_no_medication,A_no_medication
164003,117855,21/04/2018,35,27,0,A_no_medication,A_no_medication
55805,63681,28/05/2017,18,39,0,A_no_medication,A_no_medication
222126,156135,22/02/2019,29,1,1,A_no_medication,A_no_medication
256189,175047,15/03/2021,17,21,16,B_single_medication,B_single_medication
152151,109155,07/03/2018,3,1,1,A_no_medication,A_no_medication
300915,198171,11/02/2020,23,1,12,A_no_medication,A_no_medication
280705,17940,21/05/2016,74,53,40,B_single_medication,A_no_medication
231234,160929,27/04/2019,16,20,0,A_no_medication,A_no_medication
20014,43692,26/08/2017,41,0,0,A_no_medication,A_no_medication
275468,185235,01/06/2020,28,0,11,A_no_medication,A_no_medication
83869,79431,04/09/2017,82,52,1,A_no_medication,A_no_medication
184655,12930,27/05/2016,2,0,0,A_no_medication,A_no_medication
31849,52443,14/07/2017,0,3,0,A_no_medication,A_no_medication
71526,72489,22/08/2017,5,2,0,B_single_medication,A_no_medication
269910,182343,16/06/2019,97,9,0,C_comedication,A_no_medication
46851,4890,01/04/2016,19,1,NA,B_single_medication,A_no_medication
163805,117633,04/07/2018,5,4,0,A_no_medication,A_no_medication
93494,83517,12/04/2018,49,54,0,B_single_medication,A_no_medication
166524,119157,02/05/2018,9,8,2,B_single_medication,A_no_medication
309379,216015,02/12/2021,5,0,15,B_single_medication,A_no_medication
312670,217809,11/06/2020,4,8,0,A_no_medication,A_no_medication
242224,166785,08/04/2020,47,44,48,A_no_medication,A_no_medication
228501,159759,22/04/2019,11,7,11,C_comedication,A_no_medication
112878,95457,02/09/2018,4,1,3,A_no_medication,A_no_medication
254754,174207,12/06/2019,4,12,7,C_comedication,B_single_medication
203346,145785,28/08/2018,29,15,2,B_single_medication,A_no_medication
347002,238083,11/10/2021,6,9,5,A_no_medication,A_no_medication
304730,214209,18/06/2020,3,0,0,A_no_medication,A_no_medication
66886,69957,13/03/2018,0,0,0,A_no_medication,A_no_medication
37274,53337,10/11/2021,6,3,0,C_comedication,B_single_medication
208870,147831,02/10/2018,1,0,1,A_no_medication,A_no_medication
159783,114963,16/04/2018,7,1,3,B_single_medication,A_no_medication
66030,69765,19/06/2018,15,2,13,A_no_medication,A_no_medication
101710,86871,02/06/2018,7,0,4,C_comedication,A_no_medication
117198,97383,01/03/2018,2,10,5,A_no_medication,A_no_medication
125113,100407,03/04/2018,1,4,0,A_no_medication,B_single_medication
342733,235659,24/09/2020,12,0,0,A_no_medication,A_no_medication
303240,20292,19/01/2019,16,0,15,B_single_medication,B_single_medication
183826,136893,28/05/2018,15,13,3,B_single_medication,A_no_medication
377895,264003,27/07/2021,11,6,3,A_no_medication,A_no_medication
104712,89169,22/10/2017,14,0,2,A_no_medication,A_no_medication
16721,3192,28/10/2016,2,0,0,A_no_medication,A_no_medication
310958,217101,21/02/2020,4,3,0,C_comedication,A_no_medication
201549,145353,29/09/2020,20,5,4,C_comedication,A_no_medication
145761,106269,12/05/2018,0,0,0,B_single_medication,A_no_medication
76104,74409,03/04/2021,0,0,3,A_no_medication,A_no_medication
258156,176061,21/02/2020,45,17,1,B_single_medication,A_no_medication
223351,156549,23/12/2018,90,0,90,A_no_medication,A_no_medication
19346,43500,01/03/2018,16,9,2,B_single_medication,A_no_medication
160473,115335,24/05/2018,5,0,0,B_single_medication,A_no_medication
5582,32700,14/01/2018,5,9,10,B_single_medication,A_no_medication
145842,106311,19/03/2018,24,21,3,A_no_medication,A_no_medication
83566,79149,22/04/2018,25,2,0,A_no_medication,A_no_medication
188998,139419,20/09/2018,0,0,45,A_no_medication,A_no_medication
373048,259737,21/07/2021,21,21,2,B_single_medication,A_no_medication
222298,156207,20/02/2019,1,0,0,A_no_medication,A_no_medication
109217,92553,04/04/2021,0,25,4,A_no_medication,A_no_medication
343669,236355,26/11/2020,42,44,2,B_single_medication,A_no_medication
314911,219573,25/05/2020,0,2,0,B_single_medication,A_no_medication
165413,118437,02/09/2018,5,1,3,A_no_medication,A_no_medication
161990,116097,08/04/2018,61,17,69,A_no_medication,A_no_medication
138065,104583,28/03/2018,27,36,26,A_no_medication,A_no_medication
85039,80079,12/10/2017,9,3,0,C_comedication,A_no_medication
133826,103209,28/11/2018,13,1,1,A_no_medication,A_no_medication
167323,119883,10/04/2018,96,59,100,C_comedication,A_no_medication
392163,292287,27/11/2021,14,2,4,C_comedication,A_no_medication
112768,95361,28/12/2017,26,0,27,C_comedication,C_comedication
360745,246219,11/08/2021,19,26,1,A_no_medication,A_no_medication
271094,182931,28/06/2019,15,3,0,C_comedication,A_no_medication
4199,31584,15/03/2018,6,1,3,B_single_medication,C_comedication
153148,109929,12/03/2018,9,2,4,B_single_medication,A_no_medication
142655,105405,13/10/2018,13,12,12,B_single_medication,A_no_medication
208509,147555,02/04/2019,2,2,5,B_single_medication,B_single_medication
29207,50691,24/04/2017,10,12,8,A_no_medication,A_no_medication
92233,83301,03/01/2020,5,4,0,C_comedication,A_no_medication
212037,150501,02/11/2018,0,0,0,A_no_medication,A_no_medication
290424,1026,06/10/2015,59,38,NA,C_comedication,A_no_medication
353437,241731,06/06/2021,15,16,25,B_single_medication,C_comedication
389380,285777,27/12/2021,1,0,5,A_no_medication,A_no_medication
229325,160047,12/07/2020,17,4,7,A_no_medication,A_no_medication
254093,173589,22/04/2019,0,2,4,B_single_medication,A_no_medication
314754,219501,15/02/2020,8,0,0,A_no_medication,A_no_medication
234432,162003,05/06/2019,30,17,44,C_comedication,C_comedication
232490,161025,14/08/2019,17,7,15,C_comedication,B_single_medication
97891,85389,06/02/2018,85,2,26,C_comedication,A_no_medication
199290,144807,20/08/2018,63,12,12,B_single_medication,A_no_medication
100390,86271,18/08/2018,8,2,3,B_single_medication,A_no_medication
59870,65895,09/08/2017,5,0,0,B_single_medication,A_no_medication
235414,163227,18/02/2021,15,7,4,B_single_medication,A_no_medication
229728,160149,07/05/2019,3,8,0,C_comedication,A_no_medication
161984,116097,01/04/2018,22,31,17,A_no_medication,A_no_medication
367404,252381,17/09/2021,28,30,19,A_no_medication,A_no_medication
390816,28134,17/08/2017,14,32,3,B_single_medication,A_no_medication
58577,65475,10/01/2020,13,33,10,A_no_medication,B_single_medication
173285,126621,23/04/2018,24,6,3,A_no_medication,A_no_medication
117012,97227,11/10/2018,0,3,0,A_no_medication,A_no_medication
159590,114573,24/04/2018,14,0,10,A_no_medication,A_no_medication
23881,45630,17/06/2017,7,7,0,A_no_medication,A_no_medication
262738,178857,24/01/2021,23,3,15,A_no_medication,B_single_medication
284361,189081,12/01/2020,0,2,0,B_single_medication,B_single_medication
280685,187479,23/09/2019,23,53,26,B_single_medication,A_no_medication
208792,147699,08/11/2018,35,30,0,A_no_medication,A_no_medication
341314,235179,22/10/2020,24,28,0,B_single_medication,A_no_medication
130034,101667,19/02/2018,42,47,47,A_no_medication,B_single_medication
356116,243663,19/03/2021,9,50,8,C_comedication,A_no_medication
13224,37218,10/01/2020,17,0,4,B_single_medication,C_comedication
245865,169131,08/06/2019,11,3,3,A_no_medication,A_no_medication
158441,113739,27/03/2018,31,0,0,A_no_medication,A_no_medication
38249,53871,14/09/2017,28,30,18,C_comedication,B_single_medication
210474,149535,26/12/2018,30,0,2,B_single_medication,A_no_medication
148595,107631,11/06/2018,0,4,0,A_no_medication,A_no_medication
58023,65055,15/06/2017,4,6,0,B_single_medication,A_no_medication
145126,106209,20/02/2018,12,16,0,B_single_medication,A_no_medication
177667,131145,08/06/2018,3,19,0,B_single_medication,A_no_medication
255958,175047,23/07/2020,20,10,31,A_no_medication,B_single_medication
346987,238083,26/09/2021,2,5,6,A_no_medication,A_no_medication
80029,77103,05/04/2018,8,0,0,B_single_medication,A_no_medication
263369,179079,01/01/2021,11,5,0,B_single_medication,A_no_medication
198865,144447,25/02/2019,1,3,0,A_no_medication,A_no_medication
111093,94215,07/02/2018,27,31,26,A_no_medication,A_no_medication
223767,156729,17/03/2019,0,0,0,C_comedication,A_no_medication
86766,81105,12/09/2017,3,4,1,A_no_medication,A_no_medication
328543,229215,19/05/2020,0,5,6,A_no_medication,A_no_medication
121161,98931,02/02/2018,0,0,0,A_no_medication,A_no_medication
307551,215535,19/04/2020,19,10,5,A_no_medication,A_no_medication
114965,96075,24/06/2018,38,16,1,A_no_medication,A_no_medication
345014,236943,25/10/2020,45,9,0,A_no_medication,A_no_medication
44579,56217,31/10/2017,29,32,4,A_no_medication,A_no_medication
136157,103917,20/07/2019,0,4,0,A_no_medication,A_no_medication
80629,77223,01/07/2021,8,16,11,A_no_medication,B_single_medication
294673,193815,22/12/2019,52,10,17,C_comedication,C_comedication
227388,158955,18/04/2019,16,0,0,A_no_medication,A_no_medication
258219,176061,04/12/2020,17,14,0,B_single_medication,A_no_medication
240258,166035,01/03/2019,29,0,1,A_no_medication,A_no_medication
218903,155217,26/06/2020,40,0,0,B_single_medication,A_no_medication
383586,272745,19/09/2021,43,32,0,B_single_medication,A_no_medication
217663,154611,10/01/2019,19,12,30,C_comedication,C_comedication
41219,54651,03/06/2017,5,24,1,B_single_medication,A_no_medication
158319,113673,16/04/2018,5,4,3,B_single_medication,A_no_medication
170795,124053,29/08/2018,0,0,0,A_no_medication,A_no_medication
132579,102945,19/02/2018,3,0,0,C_comedication,A_no_medication
57840,64821,02/04/2018,21,36,2,A_no_medication,A_no_medication
116403,97161,18/10/2018,0,0,3,A_no_medication,A_no_medication
215651,153477,03/01/2019,54,46,0,B_single_medication,A_no_medication
22311,44544,04/05/2017,26,33,2,A_no_medication,A_no_medication
353779,241845,28/06/2021,9,7,17,A_no_medication,C_comedication
212534,151017,07/01/2019,99,83,5,B_single_medication,A_no_medication
79542,76965,27/09/2017,20,23,8,A_no_medication,A_no_medication
363195,248955,09/05/2021,6,9,0,B_single_medication,A_no_medication
325959,227409,06/05/2020,11,1,21,C_comedication,C_comedication
346841,238083,02/05/2021,0,6,1,A_no_medication,A_no_medication
311494,217509,06/02/2020,18,5,7,A_no_medication,A_no_medication
90506,82527,18/11/2017,0,0,3,A_no_medication,A_no_medication
139859,104943,31/05/2018,24,33,5,A_no_medication,A_no_medication
124785,100065,27/02/2018,21,0,21,C_comedication,B_single_medication
310597,216777,07/10/2020,3,0,0,A_no_medication,A_no_medication
385847,278181,19/09/2021,32,21,25,A_no_medication,A_no_medication
215091,152775,06/01/2019,57,54,60,B_single_medication,C_comedication
233444,161367,11/07/2019,35,32,3,A_no_medication,A_no_medication
299446,195849,17/12/2019,35,21,20,B_single_medication,C_comedication
23720,45450,21/10/2017,64,69,1,C_comedication,A_no_medication
27562,49011,07/05/2017,15,10,4,A_no_medication,A_no_medication
298108,194949,31/01/2021,49,44,48,A_no_medication,A_no_medication
71408,72447,04/01/2018,0,0,2,B_single_medication,A_no_medication
87538,81231,26/09/2017,10,13,0,A_no_medication,A_no_medication
51657,60687,13/06/2017,60,44,27,A_no_medication,A_no_medication
334494,232281,26/03/2021,21,8,14,A_no_medication,A_no_medication
149894,108387,22/12/2018,12,2,0,A_no_medication,A_no_medication
449,302223,23/12/2021,86,62,3,A_no_medication,A_no_medication
148133,107481,27/02/2018,4,2,2,A_no_medication,A_no_medication
124047,99783,26/06/2018,30,43,27,A_no_medication,A_no_medication
275137,185211,29/12/2019,2,2,1,B_single_medication,B_single_medication
321644,222873,18/03/2020,29,9,0,B_single_medication,A_no_medication
129814,101625,24/01/2018,12,1,0,A_no_medication,A_no_medication
254982,174405,12/05/2019,0,8,1,C_comedication,A_no_medication
304569,214053,18/05/2020,22,0,3,B_single_medication,A_no_medication
371825,258087,10/08/2021,17,5,12,A_no_medication,C_comedication
232654,161025,25/03/2020,17,2,16,C_comedication,A_no_medication
240723,166305,09/06/2019,13,4,15,C_comedication,A_no_medication
95994,84249,11/04/2021,0,11,1,A_no_medication,A_no_medication
56113,63723,26/09/2018,8,3,0,A_no_medication,A_no_medication
305336,20664,12/10/2019,9,5,0,C_comedication,B_single_medication
289052,191253,07/12/2019,14,18,15,B_single_medication,A_no_medication
144561,105843,18/10/2018,6,11,6,A_no_medication,A_no_medication
269452,181983,12/05/2020,26,12,3,B_single_medication,B_single_medication
9772,34884,01/04/2017,1,12,17,B_single_medication,A_no_medication
261142,178089,15/10/2019,19,18,16,A_no_medication,A_no_medication
90476,82527,17/10/2017,3,3,0,A_no_medication,A_no_medication
75430,74409,20/02/2019,0,0,0,A_no_medication,A_no_medication
218392,155025,04/03/2020,10,0,0,A_no_medication,A_no_medication
230169,160149,08/11/2020,11,10,10,B_single_medication,A_no_medication
169335,122289,15/04/2018,0,2,0,A_no_medication,A_no_medication
66254,69915,31/01/2018,0,2,0,A_no_medication,A_no_medication
55357,63303,28/08/2017,1,0,0,A_no_medication,A_no_medication
262993,178887,07/07/2019,18,2,10,B_single_medication,A_no_medication
137427,104151,13/03/2018,2,3,4,A_no_medication,B_single_medication
142919,105519,07/05/2018,22,43,4,A_no_medication,A_no_medication
160938,115725,03/06/2018,61,6,36,A_no_medication,A_no_medication
137840,104439,25/04/2018,2,2,6,A_no_medication,A_no_medication
85093,80091,13/10/2017,15,3,4,C_comedication,A_no_medication
73924,73767,02/09/2017,4,6,7,B_single_medication,B_single_medication
88956,82035,20/10/2017,33,62,2,C_comedication,A_no_medication
234511,162003,28/09/2019,21,71,14,C_comedication,C_comedication
86037,80583,07/12/2017,1,0,2,B_single_medication,A_no_medication
272273,183939,04/09/2019,9,4,3,C_comedication,A_no_medication
41087,4650,06/06/2016,24,1,0,C_comedication,A_no_medication
369911,255069,27/05/2021,96,27,9,A_no_medication,A_no_medication
211815,150345,27/10/2018,17,0,0,A_no_medication,A_no_medication
338379,233541,06/09/2020,10,18,0,B_single_medication,A_no_medication
386345,27186,14/10/2016,79,22,49,C_comedication,B_single_medication
243953,167973,10/02/2021,9,10,5,A_no_medication,A_no_medication
92074,83301,09/07/2018,0,0,0,B_single_medication,A_no_medication
144588,105843,27/11/2018,42,2,35,A_no_medication,A_no_medication
224322,156969,06/03/2019,24,11,0,A_no_medication,A_no_medication
327616,228825,17/05/2020,47,47,30,B_single_medication,A_no_medication
176391,129957,11/05/2018,8,2,0,A_no_medication,A_no_medication
3581,30972,06/12/2016,65,61,2,B_single_medication,A_no_medication
106258,89991,14/06/2019,11,7,3,A_no_medication,A_no_medication
317311,220431,05/03/2020,0,1,2,C_comedication,A_no_medication
326490,227907,19/06/2020,14,2,1,A_no_medication,A_no_medication
214473,152337,18/01/2019,65,0,21,A_no_medication,A_no_medication
221153,155919,25/10/2020,9,9,4,A_no_medication,B_single_medication
342044,235275,30/09/2020,7,0,0,B_single_medication,A_no_medication
304664,214209,01/04/2020,2,9,0,A_no_medication,A_no_medication
357465,244437,25/03/2021,16,4,11,C_comedication,A_no_medication
244917,168495,14/04/2019,58,43,1,B_single_medication,A_no_medication
329214,229455,18/08/2021,29,31,12,A_no_medication,A_no_medication
68221,70029,30/06/2017,12,22,3,B_single_medication,A_no_medication
83157,78921,28/08/2017,3,3,1,A_no_medication,A_no_medication
220271,155751,28/12/2020,19,1,0,B_single_medication,A_no_medication
77888,75777,12/07/2018,2,57,0,B_single_medication,A_no_medication
154104,110535,04/07/2018,9,6,1,A_no_medication,A_no_medication
135911,103887,05/05/2018,11,3,2,C_comedication,A_no_medication
133763,103209,08/09/2018,0,2,1,A_no_medication,A_no_medication
383970,273675,18/10/2021,0,0,1,A_no_medication,A_no_medication
388625,284667,26/10/2021,56,47,60,B_single_medication,B_single_medication
211849,150345,01/12/2018,26,0,0,A_no_medication,A_no_medication
218990,155217,11/03/2021,16,2,3,B_single_medication,A_no_medication
342612,235593,25/09/2020,30,0,6,B_single_medication,A_no_medication
251014,171825,14/09/2021,40,24,27,A_no_medication,A_no_medication
350299,240069,17/04/2021,11,15,10,B_single_medication,A_no_medication
327557,228813,31/05/2020,0,3,8,B_single_medication,A_no_medication
232736,161025,07/07/2020,17,0,16,C_comedication,A_no_medication
102856,87663,02/01/2018,0,2,2,B_single_medication,B_single_medication
230599,160383,11/07/2019,8,6,0,B_single_medication,A_no_medication
